2	0	1	3
Service pretty good But wait a little longer But accurate diagnosis Sick to hospitals. CU avoids lost every time. It is affordable too Suitable for children of different provinces who came to live in Bangkok too. At first I was worried it would be expensive. Food distribution is very hygienic. The volume and the number of calories tell. The taste is quite good Not too spicy Very cold air 55555555555	บริการค่อยข้างดีค่ะ แต่รอคิวนานนิดหน่อย แต่วินิจฉัยผลแม่นยำ เจ็บป่วยไปรพ. จุฬาทีไร หายทุกครั้งค่ะ แถมราคาไม่แพงด้วยค่ะ เหมาะกับเด็กต่างจังหวัดที่เข้ามาอาศัยในกรุงเทพได้มากเลยค่ะ ตอนแรกหนูก็กังวลว่าจะแพง อาหารที่จำหน่ายก็อนามัยมากค่ะ มีปริมาณและจำนวนแคลอรี่บอกด้วย รสชาติค่อนข้างดีค่ะ ไม่จัดจ้านจนเกินไป แอร์หนาวมาก55555555555	5	chula
Food poisoning and had to be treated at the hospital's property. The doctor Moi Hospital care is very good. Along with the recommended initial treatment By the way, I have followed the advice of the doctor opened the medicine with your doctor informed. Less than 2 days of food poisoning was gone entirely. Thanks to the hospital to take care of this.	ได้มีอาการอาหารเป็นพิษและเข้าทำการรักษาที่โรงพยาบาบแห่งนี้ ทางคุณหมอแลัพยาบาลดูแลดีมาก พร้อมกับแนะนำการรักษาเบื้องต้น โดยที่ทางผมนั้นได้ปฏิบัติตามคำแนะนำของคุณหมอแบะทานยาควบคู่กับที่คุณหมอได้แจ้งไว้ ใช้เวลาไม่ถึง 2 วัน อาการอาหารเป็นพิษก็หายเป็นปลิดทิ้ง ต้องขอบคุณทางโรงพยาบาลที่ช่วยดูแลมากแบบนี้ครับ	5	chula
It offers a good level here. Ray went several times Impressive enough time to queue to check with your doctor. At first I did not know myself what the disease because symptoms are often imagines himself an ulcer and gastritis. But check with your doctor so that you know yourself as intestinal diseases. You were a very good treatment. Symptoms improved steadily	มีบริการดีในระดับนึงเลยครับ เรยไปอยู่หลายครั้ง ประทับใจทุกครั้งครับ พอถึงคิวตรวจ เข้าไปคุยกับคุณหมอ ตอนแรกก็ไม่รู้อาการว่าตัวเองเป็นโรคอะไรเพราะปกติจะมีอาการแบบโรคกระเพาะมักจะนึกว่าตนเองเป็นโรคกระเพาะตลอด พอมาตรวจกับคุณหมอจึงรู้เลยว่าตัวเองเป็นโรคเกี่ยวกับลำไส้ คุณหมอเก่งมากรักษาถูกจุด อาการก็ดีขึ้นเรื่อยๆ	5	chula
For hospital Very good service ฝaktgag and give birth here Including contraception Impressive start ฝaktgag All staff are attentive mothers, all very good. Medical students The nurses are very kind I love every second if someone leave here like you ask the hospital to maintain a good image for every patient, thank you.	สำหรับโรงพยาบาลจุฬาลงกรณ์ บริการดีมากค่ะ ฝากท้องและคลอดที่นี่ รวมถึงการคุมกำเนิด ประทับใจตั้งแต่เริ่มฝากท้อง บุคลากรทุกท่านให้ความใส่ใจคุณแม่ทุกท่านดีมากค่ะ นักศึกษาแพทย์ รวมถึงนางพยาบาล ใจดีมากค่ะ น่ารักทุกคน ถ้ามีคนที่สองฝากที่นี่เหมือนเดิมค่ะ ขอให้ทาง รพ.รักษาภาพลักษณ์ที่ดีตลอดไปเพื่อคนไข้ทุกคน ขอบคุณค่ะ	5	chula
Make it very much The doctor gave me the diagnosis, I แnm good. The check-ups are necessary and careful construction. For some diseases, often without knowing it. Exams have been advised to check before going to the hospital on the same shift. I was okay with it because I want to serve great wilderness system has come to review all services and to gain a portion of one of the decisions in the treatment and care of our own Paa.	ตรวจดีๆมากๆนะ คุณหมอให้คะแนำนะวินิจฉัย​ดีมากๆ เพราะตรวจสุขภาพเป็นสิ่งที่จำเป็นและคสรระวัง เพราะบางโรคมักมาโดยไม่รู้ตัว เคยแนะนำให้เพืือนไปตรวจที่โรงพยาบาบนี้เหมือนกะน เพื่อนก็โอเคด้วย เพราะบริการ ดีเ็นระบบ เรียบร้อย เลยอยากมารีวิวเพื่อให้ทุกคนไปใข้บริการและเป็นส่วนนึวของการตัดสินใจในการรักษาและดูแลสุขภาะของตัวเราเอง	5	chula
Make very good doctor profile. Good nursing care for patients well enough to go back home, easy and good. Treatment is not long enough for me to check on it. Tell me more, I'd like to check every year. Tell me from head to toe We are also doing a fine not want anyone to try to use the hospital soon. For the benefit of all Very good, really good advice	ตรวจดีมากๆค่ะคุณหมอละเอียด พยาบาลก็ดีดูแลคนไข้ดีค่ะใกล้บ้านไปง่ายกลับง่ายสะดวกมากๆเลยค่ะ รับยาก็ไม่นานมากพอรอไหวไปตรวจภายในมา บอกละเอียดหมดเลยค่ะชอบมากอยากไปตรวจทุกปี บอกตั้งแต่หัวจรดเท้าเลย ภายในเราเป็นยังไงบ้างละเอียดมากค่ะอยากให้ทุกคนลองไปใช้บริการโรงพยาบาลจุฬาลงกรณ์ดูนะคะ เพื่อเป็นประโยชน์ของทุกคน ดีมากจริงๆค่ะแนะนำเลย	4	chula
Built in the good thing here. Ray went several times Impressive enough time to queue to check with your doctor. At first I did not know myself what the disease because symptoms are often imagines himself an ulcer and gastritis. But check with your doctor so that you know yourself as intestinal diseases. You were a very good treatment. Symptoms improved steadily	บิรการดีในระดับนึงเลยครับ เรยไปอยู่หลายครั้ง ประทับใจทุกครั้งครับ พอถึงคิวตรวจ เข้าไปคุยกับคุณหมอ ตอนแรกก็ไม่รู้อาการว่าตัวเองเป็นโรคอะไรเพราะปกติจะมีอาการแบบโรคกระเพาะมักจะนึกว่าตนเองเป็นโรคกระเพาะตลอด พอมาตรวจกับคุณหมอจึงรู้เลยว่าตัวเองเป็นโรคเกี่ยวกับลำไส้ คุณหมอเก่งมากรักษาถูกจุด อาการก็ดีขึ้นเรื่อยๆ	4	chula
Have the opportunity to go to the doctor at the hospital here. You have good experience Expert Ask your doctor to suspect anything out of it. The service is good, patient care, reduce stress and panic as well. But very long queue like it. Wait a while Since it is very hard or emergency overall considered okay. Get the information they need	มีโอกาสได้ไปหาหมอที่โรงพยาบาลจุฬาลงกรณ์ค่ะ คุณหมอเก่งมีประสบการณ์ มีความเชี่ยวชาญ สงสัยอะไรสอบถามคุณหมอได้หมดค่ะ มีการบริการที่ดี ใส่ใจผู้ป่วย ลดความเครียดและตระหนกได้เป็นอย่างดี แต่คิวยาวมากเช่นเดียวกันค่ะ ต้องรอระยะนึง เนื่องจากไม่ได้เป็นหนักมาก หรือฉุกเฉิน โดยรวมถือว่าโอเค ได้รับข้อมูลที่ต้องการ	4	chula
Make very good doctor profile. Good nursing care for patients well enough to go back home, easy and good. Treatment is not long enough for me to check on it. Tell me more, I'd like to check every year. Tell me from head to toe We are also doing a fine not want anyone to try to use the hospital soon. For the benefit of all Very good, really good advice	ตรวจดีมากๆค่ะคุณหมอละเอียด พยาบาลก็ดีดูแลคนไข้ดีค่ะใกล้บ้านไปง่ายกลับง่ายสะดวกมากๆเลยค่ะ รับยาก็ไม่นานมากพอรอไหวไปตรวจภายในมา บอกละเอียดหมดเลยค่ะชอบมากอยากไปตรวจทุกปี บอกตั้งแต่หัวจรดเท้าเลย ภายในเราเป็นยังไงบ้างละเอียดมากค่ะอยากให้ทุกคนลองไปใช้บริการโรงพยาบาลจุฬาลงกรณ์ดูนะคะ เพื่อเป็นประโยชน์ของทุกคน ดีมากจริงๆค่ะแนะนำเลย	5	chula
Embedded pills that come in Chulalongkorn Hospital, conveniently located next bts and mrt. Fast service is very friendly for individuals under 20 years of burying it free, pay examination fee is 300 baht. Students from other provinces, you can bury it can consult a social worker at the Department of Gynecology Suti, but if it had not been waiting since morning should do because it takes quite a long time.	ไปฝังยาคุมที่โรงพยาบาลจุฬามาค่ะเดินทางสะดวกอยู่ติดbtsและmrt บริการรวดเร็วมีความเป็นกันเองมากค่ะสำหรับบุคคลที่อายุไม่เกิน20ปีฝังฟรีค่ะจ่ายแค่ค่าตรวจภายใน300บาท นักศึกษามาจากต่างจังหวัดก็สามารถฝังได้ค่ะสามารถปรึกษานักสังคมสงเคราะห์ที่แผนกสุตินรีเวชได้ค่ะแต่ถ้าไม่เคยทำบัตรควรมารอคิวตั้งแต่เช้าเพราะใช้เวลาทำค่อนข้างนานค่ะ	5	chula
Hospital Chula impressed by the staff's medical records, nursing and medical care is very good, friendly service generous help guide the well impressed. A clean place What is it lol The doctor gently good. Injection time. I feel much Drugs have a lot in common. He recommended pharmaceutical pills correctly. A little crowded But Excellent Service Some hospitals may have scolded But he dutifully understand it lol.	ที่โรงพยาบาลจุฬาฯรู้สึกประทับใจจากเจ้าหน้าที่เวชระเบียน พี่พยาบาล และคุณหมอ ดูแลดีมาก บริการเป็นกันเอง ใจดี ให้คำแนะนำช่วยเหลืออย่างดี ประทับใจมาก บริเวณสถานที่สะอาด น่าอยู่ค่ะฮ่าๆ คุณหมอมือเบาดีค่ะ.เวลาฉีดยา ไม่ค่อยรู้สึกเจ็บเท่าไหร่ ได้ยามาเยอะมากเหมือนกัน เภสัชเขาแนะนำการกินยาที่ถูกต้อง คนเยอะไปหน่อย แต่บริการประทับใจ พยาบาลอาจมีดุบ้าง แต่เขาทำตามหน้าที่ เข้าใจค่ะ ฮ่าๆๆ	5	chula
I took my mother's annual health check. In the department The blood test, X-ray, no queues for staff working in a systematic way. The trip to the hospital, it is conveniently located near both the Skytrain and the subway down from the Saladaeng Skytrain station, it is connected to building global security. But if a car. It may have seemed a little jam. The service staff and doctors speak good courteous staff at registration. It's good-natured Fret not upset at all Very impressive	พอดีพาคุณแม่มาตรวจสุขภาพประจำปี ในการตรวจแต่ละแผนก ทั้งเจาะเลือด เอ็กซเรย์ รอคิวไม่นาน เจ้าหน้าที่ทำงานอย่างเป็นระบบ ส่วนการเดินทางมาโรงพยาบาลก็ง่าย เดินทางสะดวก อยู่ใกล้ทั้ง รถไฟฟ้า และ รถไฟฟ้าใต้ดิน ลงจากรถไฟฟ้า สถานีศาลาแดง ก็มีทางเชื่อมมาถึงตึก ภปร.เลย แต่ถ้ามารถยนต์ส่วนตัว อาจจะลำบากไปนิดหน่อยเพราะรถติด ส่วนการบริการเจ้าหน้าที่และแพทย์ พูดจาดี อัธยาศัยดี ทั้งเจ้าหน้าที่ในห้องลงทะเบียน ก็มีอัธยาศัยดี ไม่มีหงุดหงิดอารมณ์เสียใส่เลย ประทับใจมากค่ะ	4	chula
The hospital is fully equipped with tools Queuing quickly. I was a patient at the hospital, Rayong sent to treatment using the 30 baht for treatment. The hospital has treated well. And nursing care for everyone Has indicated the steps Because I went to a new patients What steps did the rest. The nurse was advised well Queuing for a doctor at first thought to be slow as ever. But I have very sensitive approach	โรงพยาบาลมีเครื่องมือครบครัน สะดวกสบาย มีการจัดคิวได้รวดเร็ว ผมเป็นคนไข้ที่โรงพยาบาลระยองส่งตัวมารักษาโดยใช้สิทธิ 30 บาทในการรักษา ทางโรงพยาบาลได้มีการรักษาอย่างดี และพยาบาลดูแลดีทุกคน มีการชี้แนะนำขั้นตอน เพราะผมไปเป็นคนไข้ใหม่ ซึ่งไม่รู้ขั้นตอนอะไรเรย ทางพยาบาลก็แนะนำอย่างดี การเข้าคิวหาหมอตอนแรกนึกว่าจะช้าอย่างที่เคยไป แต่เข้าหาหมอได้ไวมาก	4	chula
It is the opposite Lumpini Park The train or bus, it's convenient. Private health services had to go abroad many years ago, doctors, nursing staff all speak good service but now register new patients. I just need to be a little patient self-service is a big part. Make quite long queues Currently, there is sure to change it or not.	อยู่ตนงข้ามสวนลุมพินี มารถไฟฟ้าหรือรถเมล์ก็สะดวกดี ส่วนตัวเคยไปใช้บริการตรวจสุขภาพไปต่างประเทศเมื่อหลายปีก่อน เจ้าหน้าที่ พยาบาล หมอ ทุกคนพูดจาดี บริการดี แต่ตอนลงทะเบียนผู้ป่วยใหม่ จะงงๆนิดหน่อย คนไข้เยอะ ต้องบริการตนเองเป็นส่วนใหญ่ รอคิวตรวจค่อนข้างนาน ปัจจุบันไม่แน่ใจว่ามีการปรับปรุงเปลี่ยนแปลงบ้างหรือยัง	3	chula
A chance to be admitted to Chulalongkorn Hospital by visits like birds through the ENT general teachers do physician. At every stage of the service of the hospital's nurses do Area Volunteer Manager. With HOMERegisterInstructions inquiries Northridge Hmong are just outside of office hours clinic patients, you have to queue a lot. Convenient Metro and bus routes bts State Hospital. Services like Private	มีโอกาศได้เข้ารับการรักษาที่โรงพยาบาลจุฬาลงกรณ์ สภากาชาดไทย โดยได้เข้ารับการตรวจเเผนกหู คอ จมูก ทั่วไปกับอาจารย์เเพทย์ ประทับใจทุกขั้นตอนการให้บริการของโรงพยาบาลจุฬาลงกรณ์ เเพทย์ พยาบาล อาสาสมัคร เจ้าหน้าที่ประชาสัมพันธ์ พร้อมให้คำเเนะนำ สอบถามข้อสัย เเม้จะเป้นคลินิกนอกเวลาราชการผู้ป่วยก้ต้องเข้าคิวรอเป็นจำนวนมาก การเดินทางสะดวกทั้งรถเมย์ประจำทาง รถไฟฟ้าbts สังกัดโรงพยาบาลรัฐ บริการดีเหมือนเอกชน	5	chula
Have the opportunity to see a doctor, the clinic is the second clinic skin. Gynecology clinic At every stage of the service staff here very much doubt or question whether the new personnel will respond willingly, smiling even more impressive parte examination of questions until you are sure that the patient is coming. I was not asked a question he concluded. Like many hospitals visited. It was almost half an hour to see the doctor about it. Asked our symptoms carefully. I've recently come across it. The doctors talk to patients who have prolonged hospital for at least 5 minutes to go to the doctor immediately.	ได้มีโอกาสไปพบหมอมา 2 คลินิก คือ คลินิกผิวหนัง กับคลินิกนารีเวช ประทับใจทุกขั้นตอนการบริการของบุคลากรที่นี่มากๆค่ะ ไม่ว่าจะถาม หรือสงสัย ในส่วนใหน บุคลากรทุกท่านตอบด้วยความเต็มใจ ยิ้มแย้ม ยิ่งหมอนี่ประทับใจมาก ตรวจละเอียด ถามจนกว่าจะแน่ใจว่าคนไข้เป็นอะไรมา ไม่ใช่ถามแบบรีบถามรีบสรุป เหมือนหลายๆโรงพยาบาลที่เคยไปมา คือเข้าพบหมอประมาณเกือบๆครึ่งชั่วโมงเลยค่ะ นั่งซักถามอาการของเราอย่างละเอียด เพิ่งจะเคยเจอที่นี่แหละค่ะ ที่หมอคุยกับคนไข้นานๆ เจอที่ รพ.ประจำที่เคยไป 5 นาที ออกละ หมอรีบไปใหน	5	chula
Treat many more diseases here แm Bay to time with patients. Smart and very talented But it makes a lot of patients have to wait long. Even the clinic was crowded. But doctors say there's better to focus on treatment. Hospitals, too,  We treat here all along. The price was not expensive unacceptable. With medication and the treatment they receive. I want to organize more quickly than this.	รักษาหลายโรคมากที่นี่ แำทย์ให้เวลากับคนไข้ เก่งและมีความสามารถมาก แต่คนไข้เยอะมากๆๆทำให้ต้องรอนาน แม้แต่คลินิกพิเศษก็ยังคนเยอะ แต่คุณหมอพูดดี เอาใจใส่ดี ให้ความสำคัญในการรักษา พยาบาลก็เช่นกัน  เรารักษาที่นี่มาโดยตลอด ราคาก็ไม่ได้แพงขนาดรับไม่ได้ แลกกับยาและการรักษาที่ได้รับ แต่อยากให้จัดระบบให้รวดเร็วกว่านี้ค่ะ	4	chula
A reservation system queues good. Nurses will introduce In the first place to make history. And introduce them to the clinic if a doctor does not want to incur expensive. You speak very good and generous service to the poor queues. But may have to wait a little longer to go from half past five to get and to keep up the queue to see the doctor. And you call the nurses office queue has been suggested that if you do not want to wait long. To go to the emergency room. For those not comfortable Headache and fever Who does not want long queues	มีระบบการจองคิวที่ดีค่ะ พยาบาลจะคอยแนะนำ ในครั้งแรกที่ไปทำประวัติ และแนะนำให้ไปคลินิคธรรมดาหากไม่ต้องการเสียค่าพบหมอแพง และคุณหมอพูดดีมากๆค่ะ ใจดี การให้บริการระหว่างรอคิวดี แต่อาจจะต้องรอคิวนานหน่อยควรไปตั้งแต่ตีห้าครึ่งเพื่อที่จะได้รับคิวและเพื่อให้ทันในการพบหมอ และคุณพยาบาลที่ทำการเรียกคิวมีการแนะนำว่าหากไม่ต้องการรอคิวนาน ให้ไปทำเรื่องที่ห้องฉุกเฉิน สำหรับผู้ที่ไม่สบาย ปวดหัวตัวร้อน ที่ไม่ต้องการรอคิวนาน	4	chula
Hospital systems are booked. Good prenatal care and patient records to the hospital and university medical attention. For information on the treatment and the pregnancy. That utilize the patient's understanding patients have a choice in the treatment and care of the baby and understood correctly. Choose not to trust them and leave the baby with hospital birth mother, you think you're going to ฝaktgag birth and recommended that hospital capacity, it is both stately deposit weekdays. And during a dinner after work. ANC or on weekends with me.	รพ. มีระบบการจองคิว และจัดระเบียนคนไข้ดีมาก ฝากครรภ์กับ รพ.จุฬา คุณหมอใส่ใจและ ให้ข้อมมูลการดูแลรักษาและการตรวจฝากครรภ์ ที่เป็นประโชยน์ กับคนไข้ เข้าใจง่าย ทำให้คนไข้มีทางเลือกในการเข้ารับการรักษาและดูแลลูกน้อยอย่างเข้าใจและถูกต้อง เลือกไม่ผิดที่ไว้ใจและฝากลูกน้อยไว้กับการคลอดที่โรงพยาบาลนี้ คุณแม่ท่านใด กำลังคิดจะฝากท้องและคลอดแนะนำที่ รพ.จุฬเลยค่ะ มีทั้งแบบฝากวันธรรมดา และช่วงเลาเย็นหลังเลิกงาน หรือสามารถมาฝากครรภ์ในวันเสาร์อาทิตย์ได้ด้วยค่ะ	4	chula
Doctors and nurses speak good impression I do not like government hospitals elsewhere. In addition, doctors are competent and proficient, there are other great and impressive. I do not fault the choice of service here. Doctors and nurses speak good impression I do not like government hospitals elsewhere. In addition, doctors are competent and proficient, there are other great and impressive. I do not fault the choice of service here.	ประทับใจหมอและพยาบาลพูดจาดี รู้สึกไม่เหมือนกับโรงพยาบาลรัฐบาลที่อื่น นอกจากคุณหมอจะเก่งและมีความเชี่ยวชาญแล้วยังมีคุณสมบัติอื่นๆที่ดีและน่าประทับใจ คิดไม่ผิดเลยค่ะที่เลือกมาใช้บริการที่นี่ ประทับใจหมอและพยาบาลพูดจาดี รู้สึกไม่เหมือนกับโรงพยาบาลรัฐบาลที่อื่น นอกจากคุณหมอจะเก่งและมีความเชี่ยวชาญแล้วยังมีคุณสมบัติอื่นๆที่ดีและน่าประทับใจ คิดไม่ผิดเลยค่ะที่เลือกมาใช้บริการที่นี่	5	chula
Doctors here are very good. Father kidney surgery from both sides. Very skilled Which is usually the case, your father would be very difficult. But the doctor was successful Pleasant enough nurses But some did speak briefly The father yelled at us? Where is it to be screwed like morphine. I do not know the answer It was good to speak with you. Comment on this one too Some nurses outside the hospital building is good, it's clean, convenient and good.	คุณหมอที่นี่เก่งมากค่ะ ผ่าตัดไตคุณพ่อออกทั้งสองข้าง มีความชำนาญมาก ซึ่งปกติแล้วเคสของคุณพ่อจะยากมากๆ แต่คุณหมอก็ทำได้สำเร็จ พยาบาลก็ดีค่ะ แต่บางคนก็พูดจาห้วน ตะโกนใส่พ่อเราบ้าง คือตอนนั้นแกเหมือนจะเมายามอร์ฟีน แกก็ตอบไม่ค่อยรู้เรื่อง ก็น่าจะพูดจากับแกดีๆหน่อย ติตรงนี้ที่เดียวค่ะ เรื่องพยาบาลบางคน นอกนั้นดีค่ะ ตึกพยาบาลก็ใหม่ สะอาด และสะดวกดีค่ะ	5	chula
Chula Hospital is the ultimate expert on heart disease. Kids Baby how surgery can help. Thanks to the rescue son Let us have a healthy son back. Thank you from my heart	โรงพยาบาลจุฬาฯคือสุดยอดผู้เชี่ยวชาญในเรื่องโรคหัวใจ เด็กเล็กเด็กอ่อนแค่ไหนก็สามารถผ่าตัดช่วยได้ ขอบคุณที่ช่วยชีวิตลูกชาย ให้เราได้ลูกชายที่แข็งแรงกลับมา ขอบคุณจากใจค่ะ	5	chula
Go to the doctor and I feel very good staff here.	ไปหาหมอแล้วเจอเจ้าหน้าที่บริการดีรุ้สึกดีมากคั	5	chula
The nurses and the doctor admitted to the operating room, very generous. With encouragement	จากการเข้ารับการรักษาพยาบาลและคุณหมอที่ห้องผ่าตัดใจดีมากค่ะ ให้กำลังใจด้วย	4	chula
Nursing eloquence simplification	พยาบาลพูดจาไพเราะ เข้าใจง่าย	5	chula
The treatment efficiency Soon the wait	เป็นการรักษาที่มีประสิทธิ์ภาพ ถึงช้าก็รอได้	5	chula
I staff Please advise	หมอเจ้าหน้าที่ ยินดีให้คำแนะนำ	5	chula
Medical team leader A wide range of medical specialties and patients with difficult cases effectively.	ทีมแพทย์แนวหน้า มีแพทย์เฉพาะทางหลากหลายและรองรับผู้ป่วยเคสยากๆได้อย่างมีประสิทธิภาพ	5	chula
Due to a crowded public hospital. Very long queues Will the doctor be exercised to maintain the 30-baht health care. Paya Committee generous enough Before I explain what to do before, such as treatment, he will tell you what to do, but some people really good.	คนเยอะ เนื่องจากเป็นโรงพยาบาลของรัฐ รอคิวนานมากค่ะ กว่าจะได้พบหมอ ค่ารักษาถูก ใช้สิทธิ30บาทรักษาทุกโรค พญาบาลใจดีค่ะ ชอบการอธิบายก่อนจะทำอะไร เช่น ก่อนฉีดยา เขาจะมาบอกก่อนว่าจะทำอะไรบ้าง ดีค่ะ แต่คนเยอะจริงๆ	3	chula
Shelter throughout the second child last October 59, when I do not like to check every month. For a very long wait But every time I feel that the staff all work hard. Beaming Very informative Up until now it bore the impress Nursing care of patients Walk in the Night Let's help smiling I do not complain Unlike hospital somewhere private. Need help late Ring the bell to call me, but I just woke up a doctor and a nurse at the University mannered. Excellent patient care and the cost is not too high. But not exactly where you'd swipe the credit card must have cost one billion baht to me.	เพิ่งผ่าตลอดลูกคนที่สองเมื่อเดือนตุลาคม 59 ค่ะ ตอนไปตรวจทุกเดือนไม่ค่อยชอบ เพราะรอนานมาก แต่ไปทุกครั้งก็รู้สึกว่าเจ้าหน้าที่ทุกคนตั้งใจทำงาน ยิ้มแย้มแจ่มใส ให้ข้อมูลดีมาก จนถึงตอนคลอดยิ่งประทับใจค่ะ พยาบาลเอาใจใส่คนไข้มาก เดินเช็คทั้งคืน ขอให้ช่วยก็ยิ้มแย้ม ไม่มีบ่นเลยค่ะ ไม่เหมือนรพ.เอกชนบางที่ ดึกๆต้องการความช่วยเหลือ กดกริ่งเรียกไปเหมือนเพิ่งตื่นนอน ไม่ยิ้มเลย แต่หมอและพยาบาลที่จุฬามารยาทดี ดูแลคนไข้ดีมากและที่สำคัญค่าใช้จ่ายไม่สูงเกินไป แต่ไม่สะดวกตรงที่ถ้าต้องการรูดบัตรเครดิตต้องมีค่าใช้จ่ายหนึ่งพันบาทขึ้นไปค่ะ	4	chula
On the morning of 17 January 2560. It is used at the Department of Pediatrics. The period of waiting for a normal process. May. Governor General. Staff are well informed Registration is coordinated by the screening point at the elevator or in the counter was not driving. But until. Some may be disrespectful to say it bluntly, no one is privately owned. We have children to vaccination But doctors practicing doctor with a teacher's help with other symptoms, the more impressive because it was a small clinic. Clinic or hospital will do other private prescription is that the vaccine is a vaccine. Not detected or noticed anything Our conclusion is that the Pale I need blood You give a lot of information really impressed And now awaits the results.	เมื่อช่วงเช้าของวันที่17ม.ค.2560 ได้ไปใช้บริการที่แผนกกุมารเวช   ระยะเวลาในการรอเป็นปกติของร.พ.รัฐทั่วไป เจ้าหน้าที่ให้ข้อมูลดี มีการประสานงานจากจุดลงทะเบียน จุดคัดกรอง ทั้งที่ลิฟท์ หรือเค้าเตอร์ต่างๆก็ไม่ติดขับ แต่จนท.บางคนอาจจะเสียงแข็งๆ พูดห้วนๆ ไม่มีคะขาเท่ากับของเอกชน  ลูกเราไปฉีดวัคซีน แต่คุณหมอฝึกหัดกับคุณหมอที่เป็นอาจารย์ก็ช่วยดูอาการอื่นๆให้ด้วย  ประทับใจมาก เพราะถ้าเป็นคลินิกย่อย คลินิกหรือรพ.เอกชนอื่นๆก็จะทำตามใบสั่งคือวัคซีนก็วัคซีน ไม่ตรวจหรือสังเกตอะไรเพิ่มเติม  สรุปคือลูกเราซีด เลยต้องเจาะเลือดตรวจ คุณหมอให้ข้อมูลเยอะมาก  ประทับใจจริงๆ  และตอนนี้กำลังรอผลค่ะ	5	chula
Medical students have very good questions before the check, then check is very good, very good teachers, doctors advise us with eloquence like too cute with it.	นักศึกษาแพทย์ดีมากคะสอบถามอาการก่อนเข้าตรวจแล้วก็ตรวจดีมากคะอาจารย์หมอก็ดีมากคะพร้อมให้คำแนะนำเราอีกด้วยชอบมากเลยคะพูดจาไพเราะน่ารักสุดดๆ	1	chula
Doctor Good dental check every tire change.	คุณหมอใจดี ตรวจสุขภาพฟันทุกครั้งที่เปลี่ยนยาง	5	chula
Take a long time to all points of contact. Including limits on the drugs used during hospital & private hospital in the state.	ใช้เวลานานในทุกจุดที่ไปติดต่อ รวมถึงข้อจำกัดเกี่ยวกับยาที่ใช่ระหว่างรพ.เอกชน & รพ.ของรัฐ	2	chula
Last December, the first child to operate. Hospital Chulalongkorn Doctors cut a vertical incision is pretty shorten it, why do not we split horizontally. Waste a lot of sense	เมื่อเดือน ธันวาคม ได้ผ่าคลอดลูกคนแรกที่ รพ.จุฬาลงกรณ์ หมอผ่าแบบแนวตั้ง แผลไม่สวยเลย มันย่นๆ ทำไมไม่ผ่าแนวนอนให้เรา เสียความรู้สึกมาก	1	chula
My father recently went to the doctor, hospital CU last disc seizures at all doctors, nurses, patient care is very good. Feel that you work with the mind. Ask what all beaming In spite of several steps, maybe I'm just asking. But I'm just explaining During the waiting time Because patients do The older nurses have introduced steps to immobilize Largest strikes if necessary. There are encouraging for patients with disc seizures. The activists never before. In spite of a lot of patients But I'm beaming nurse. Fresh everyone Making it comfortable and carefree to maintain it.	คุณพ่อเพิ่งเข้าไปหาหมอรพ.จุฬาที่ผ่านมา แผนกลมชัก ประทับใจทุกอย่างหมอ พยาบาล เอาใจใส่คนไข้ดีมาก รู้สึกได้ว่าทุกท่านทำงานด้วยใจ สอบถามอะไรทุกอย่างยิ้มแย้มแจ่มใส ทั้งๆที่มีหลายขั้นตอนบางทีถามก้อแอบงง แต่พี่ๆก้อค่อยอธิบาย ช่วงเวลาที่รอคิวนาน เพราะคนไข้เยอะ ก่อมีพี่พยาบาลมาแนะนำขั้นตอนในการ้ลื่อนนัดถ้ามีเหตุจำเป็น มีให้กำลังใจคนไข้แผนกลมชักด้วย ซึ่งไม่เคยเหนที่ไหนมาก่อน ทั้งๆที่คนไข้เยอะมากก แต่พี่ๆพยาบาลก้อยิ้มแย้มแจ่มใส สดชื่นกันทุกคน ทำให้สบายใจและหายห่วงในการมารักษาค่ะ	5	chula
Hospital patients have been waiting and waiting, but very, very early. Each had to wait more than 5 am. And at the time of his security guards. Open the door, everyone was prepared to run like a 4 * 100 meters to go on cue cards. But get the cue through medical screening, not only to detect. Check each took one day. Here at the hospital center	เป็นโรงพยาบาลที่มีคนไข้มารอตรวจเยอะมากและมารอกันแต่เช้าตรู่มาก แต่ละคนมารอไม่ต่ำกว่าตี5 และพอถึงเวลาลุงรปภ.เปิดประตูทุกคนก็เหมือนจะเตรียมวิ่ง 4*100เมตร เพื่อไปต่อคิวรับบัตร แต่รับบัตรคิวผ่านพี่พยาบาลคัดกรองเท่านั้นนะไม่ใช่เข้าตรวจ มาตรวจแต่ละครั้งใช้เวลา1วัน นี่ละโรงพยาบาลใจกลางเมือง	5	chula
I was there with my wife to prenatal care, a state hospital. Today we went the first time to the early talkies building. Ppr., About 5 am for sure a lot of people would queue for tickets was late. My frustration is the same as his wife almost fainted on several occasions (555) than the cue card had to wait for hours to see a doctor, it is very long, but I was not disheartened because they think doing so little. But when you see a doctor, a nurse at the back, as I see it is very well served counseling. HOMERegisterInstructions set but to do so in complete antenatal care. This is not so different from Hospital with his wife privately, I was very tired with the queues were waiting to finish it was almost cold. Compared to the hospital. I'm here were private and were very cheap compared to the services, I think, worth it. May be a little slow because a lot of people, but if you go, you will be impressed by the services legally can sleep with my wife to this day.	คือผมกับภรรยาไปฝากครรภ์ที่นั่นซึ่งเป็นโรงพยาบาลของรัฐ วันนี้เราไปครั้งเเรกไปตั้งเเต่เช้าที่ตึก ภปร.ประมาณตี5กว่าคนเยอะเเน่นมากจะได้คิวได้บัตรก็สายๆ แอบหงุดหงิดอยู่เหมือนกันจนภรรยาเกือบจะเป็นลมอยู่หลายครั้ง(555)กว่าจะได้คิวทำบัตรก็รอเป็นชั่วโมงกว่าจะได้เจอคุณหมอก็ถือว่านานมากเเต่พ่อไม่ถอดใจเพราะคิดว่าทำเพื่อตัวเล็ก  เเต่เมื่อเจอคุณหมอ,พยาบาลที่นี่กลับไม่เป็นอย่างที่คิดคือดูเเลบริการได้ดีมากๆให้คำปรึกษา คำเเนะนำตั้งเเต่ไปเข้าทำบัตรจนฝากครรภ์เสร็จ ซึ่งไม่ได้ต่างจาก รพ.เอกชนเลยผมกับภรรยาเหนื่อยมากกับการรอคิวเรียกเเละรอตรวจกว่าจะเสร็จก็เกือบเย็นๆครับ เมื่อเทียบกับรพ.เอกชนเเล้วที่นี่ถูกและประหยัดกว่ามากเเละเทียบกับการบริการผมคิดว่าคุ้มสุดๆ อาจจะต้องช้าหน่อยเพราะคนเยอะแต่ถ้าคุณได้ไปคุณจะประทับใจในบริการอย่างเเน่นอนอย่างที่ผมกับภรรยาได้ไปในวันนี้	5	chula
Hospital staff and good service, lovely, lovely.	บริการดี พยาบาลน่ารัก และเจ้าหน้าที่น่ารัก	5	chula
Outside the clinic Doctor profile A follow-up treatment	ไปคลีนิคนอกเวลา หมอตรวจละเอียด มีการติดตามผลการรักษา	4	chula
His brother was a car crash, brain, skull shattered.. Hospital. The first is Mot not wound us not to come until we were shouting to me to send me to university.. Enough to CU doctors say his brain damage. .. surgery to 2 times more words, but the doctor said give us encouragement.. I said.. just taken her survival before anything else I said.. just saying this is my family a lot.. well. the doctor told me to come in for surgery Cor. Kong first.. Because a lot of blood and blood offensive side if the fabric I will bleed a lot and shocked us hug each other crying in front icu until I have to say that I took a blood brother to determine if he's a doctor. I will fight.. then the doctor told me not to.. I just ... I survived the first glimmer of light that lit up immediately.. thank the doctors at the hospital. CU.	น้องชายเกิดอุบัติเหตุรถชนสมองไหลกะโหลกแตกละเอียด..รพ.ที่แรกที่เข้าคือบางมดไม่ทำแผลเข็นน้องไปมาจนเราโวยวายถึงบอกจะส่งน้องไปจุฬา..พอไปถึงจุฬาหมอบอกน้องสมองเสียหายมาก..ผ่าตัดถึง2ครั้งมีคำพูดนึงที่หมอพูดทำให้เรามีกำลังใจ..หมอพูดว่า..เอาแค่น้องรอดก่อนนะเรื่องอื่นค่อยว่ากัน..เพียงคำพูดนี้กำลังใจของครอบครัวมามากมาย..ทั้งที่หมอบอกให้ทำใจในการผ่าตัดครั้งแรก..เพราะให้เลือดมากแล้วเลือดมาคลั่งอีกข้างถ้าผ่าน้องจะเลือดออกเยอะแล้วช็อคพวกเรากอดกันนั่งร้องไห้หน้าห้องicuจนหมอต้องบอกว่าหมอจะเอาค่าเลือดน้องไปตรวจถ้าน้องสู้หมอก้อจะสู้..แล้วหมอก้อบอกน้องสู้..เอาแค่น้องรอดก่อนนะ...แสงสว่างที่ริบหรี่สว่างขึ้นทันที..ขอบคุณหมอที่ รพ.จุฬา	5	chula
I was admitted to the hospital (clinic reel tape delay), the first step must be done before the patient identification. And it's right here by means of a doctor. Because I had to call the hospital and have already booked appointment with your doctor and ask to be completed by nursing the sick and make an appointment with your doctor. By the time he went to meet with your doctor. It is considered on time more Do not waste time! Once completed Natural medicine and was able to pay. But this process will take a little longer, but not more than 20 minutes. You have to wait for treatment and payment with all divisions making a lot of queues. But overall, I was impressed by the services of the hospital a lot. Because everyone spoke English well, and the doctor who was very good at it dL.	ดิฉันได้เข้ารักษาที่โรงพยาบาล(คลินิกพิเศษรอกเวลาราชการ) ซึ่งขั้นตอนแรกต้องทำบัตรประจำตัวผู้ป่วยก่อน และก็ต้องทีนีดหมายจากแพทย์ด้วย เนื่องจากดิฉันได้โทรเข้าโรงพยาบาลและได้ทำการจองคิวนัดตรวจกับคุณหมอเรียบร้อยแล้วโดยพยาบาลจะถามชื่อ และอาการป่วย แล้วทำนัดกับคุณหมอให้ เมื่อถึงวันเวลานัดก็เข้าพบกับคุณหมอได้ และถือว่าตรงเวลามากๆ ไม่เสียเวลาเลย เมื่อตรวจเสร็จ ก็สามารถไปรัยาและชำระเงิน แต่ขั้นตอนนี้จะใช้เวลานานหน่อยแต่ก็ไม่เกิน20นาที เพราะต้องรอรับยาและชำระเงินพร้อมกันทุกแผนกทำให้มีจำนวนคิวที่เยอะ แต่โดยรวมแล้วดิฉันก็ประทับใจในการบริการของโรงพยาบาลมาก เพราะทุกคนสุภาพ พูดจาดี และคุณหมอของที่นี้ก็เก่งมากๆดลยค่ะ	4	chula
Standard and high service	มีมาตรฐานและการบริการสูง	5	chula
The doctors are very kind	หมอใจดีมากก	4	chula
The service is a system, not to mention the wait. The children's department is monitoring the ongoing health of children as well.	การบริการเป็นระบบ,ถ้าไม่พูดถึงการรอ ในส่วนของแผนกเด็กมีการติดตามผลอย่างต่อเนื่องพยาบาลเด็กเป็นมิตรดีค่ะ	5	chula
Good counseling Thoroughly describe patients And Tools Advanced treatment	ให้คำปรึกษาดี ตอบอธิบายคนไข้อย่างละเอียด และมีเครื่องมือ การรักษาที่ทันสมัย	5	chula
The story osteoporotic patients And hip bones are not easy to walk. Often go to the hospital to check on the building, which is far too much. When asked for help by asking editions cart. The reaction was usually a face conveys a duty not bother relatives Cart (duty which can not be reconciled with the need to have multiple) Do you think the price is told to wait. But no matter how many hours, guaranteed! The wait staff that building (the duty to preserve it) to come. The injured officer was already talking to 4-5 people, ignoring other duty is just one of the many issues that come across. The system queues Blood tests, changes almost every time to heal. The officers answered mismatch makes the class to walk up and down several times. Some say you can not fight off the bats (Social Security), as well as to top Aries say not. The need to remove the card Here's another แci There are also a lot who do not run out.	ดิชั้นเป็นคนไข้กระดูกพรุน และกระดูกสะโพกเสื่อมไม่สะดวกในการเดิน บ่อยครั้งที่ไปโรงพยาบาลต้องเดินไปตรวจที่ตึกต่างๆซึ่งไกลกันมากๆ เมื่อดิชันขอความช่วยเหลือโดยขอรถเข็น มักจะได้รับปฏิกิริยาสีหน้าที่บ่งบอกถึงความรำคาญที่ดิชั้นไม่มีญาติมาเข็น(ซึ่งดิชั้นไม่สามารถหาญาติไปด้วยได้เนื่องจากความจำเป็นหลายอย่าง) เจ้าหน่าที่รถเข็นจะบอกให้รอ แต่ไม่รับประกันว่าจะกี่ขั่วโมง!เพราะต้องรอเจ้าหน้าที่ตึกนั่น(ที่ดิชั้นต้องการจะไปรักษา)มา แล้วที่เจ็บคือเจ้าหน้าที่ 4-5 คนนั่งคุยกันต่อโดยไม่สนใจดิชั้นอีก นี่แค่ 1 ในเรื่องอีกหลายเรื่องที่เจอ ทั้งระบบการต่อคิว การตรวจเลือดก็เปลี่ยนแปลงแทบทุกครั้งที่ไปรักษา เจ้าหน้าที่ตอบไม่ตรงกันทำให้ดิชั้นต้องเดินขึ้นลงหลายรอบ บางท่านบอกไม่ต้อวออกบัต่(ประกันสังคม)พอจึ้นไปข้างบนบอกไม่ได้ ต้องลงไปเอาบัตร ต่อแคิวอีกรอบ ยังมีอีกเยอะค่ะ เล่าไม่หมด	2	chula
I am a patient He was admitted to the hospital. For nearly two months to be admitted as an inpatient at the hospital. I was given permission by using the Gold Card. ...... feeling when first admitted. I still do not feel anything special. The idea is Flashing This is a public hospital Compared to the other or not. Reason to think this way Because I've heard other people. Figuratively speaking, to hear various customers. In terms of services Minister of State Hospital But after I was diagnosed when I do not have a bed. Since many patients do Faye I had to sleep in the emergency room. Wait for bed space Feeling exposed To hear it all the time. It's totally different. I have been performing very well. From the Faculty of Medicine Medical students Hospital staff time over the next 5 days until my bed dorm and retaining the feel and what has been the practice that I need to appreciate that by taking care of the patient the diagnosis. The doctors made a careful analysis of the symptoms of drug use to treatment and many more that I received from the hospital. Day trips to Los Angeles, Minneapolis. One idea is to have a chance to get it back. Or must die at this hospital. But ultimately, With attention to patients Knowledge of the medical team that is dedicated to all the body's wisdom made me come home. With safety to this day I still feel the magic. Received from the Chulalongkorn Hospital Korn. And will never forget the kindness, mercy to a former patient who had almost Angels took back then.	ผมเป็นอีกหนึ่งคนไข้ ที่เคยได้เข้ารับการรักษาที่โรงพยาบาลจุฬาลงกรณ์ เป็นเวลาเกือบ 2 เดือน ที่ต้องพักรักษาตัวในฐานะคนไข้ใน ณ โรงพยาบาลแห่งนี้ โดยผมได้รับสิทธิ์ด้วยการใช้บัตรทอง ......ความรู้สึกตอนแรกที่เข้ารับการรักษา ก็ยังไม่รู้สึกถึงความพิเศษอะไร ความคิดแว๊บแรกคือ ที่นี่คือโรงพยาบาลรัฐ จะเทียบกับที่อื่นๆได้หรือไม่ เหตุผลที่คิดแบบนี้ ก็เพราะเคยได้ยินคนอื่นๆ พูดเปรียบเปรย ไปต่างๆ นาๆ ให้ได้ยินเสมอ ในแง่ของการบริการ ของโรงพยาบาลรัฐฯ แต่หลังจากที่ผมได้เข้าทำการรักษา ตอนนั้น ผมยังไม่ได้มีเตียง เนื่องจากคนไข้เย่อะมาก จึงต้องนอนรวมในห้องฉุกเฉิน เพื่อรอเตียงว่าง ความรู้สึกที่สัมผัสได้ กับสิ่งที่เคยได้ยินมาตลอดเวลานั้น มันช่างแตกต่างกันโดยสิ้นเชิง ผมได้รับการปฎิบัติเป็นอย่างดี จากทั้งคณะแพทย์ นักศึกษาแพทย์ เจ้าหน้าที่ของโรงพยาบาล เวลาผ่านไป 5 วัน จนผมได้เตียง และหอพักรักษาตัว ความรู้สึก และสิ่งที่ได้รับการปฎิบัติต่อผมนั้น ต้องขอชื่นชม ด้วยใจ การดูแลเอาใจใส่ การเยี่ยมไข้ การตรวจ การวินิจฉัยโรค คณะแพทย์ทำอย่างรอบคอบ วิเคราะห์ อาการที่เป็น การให้ยา การใช้วิธีการรักษา และอื่นๆ อีกมากมาย ที่ผมได้รับจากที่โรงพยาบาลแห่งนี้ วันที่ต้องเดินทางไปแอตมิน คิดอยู่อย่างเดียวว่า จะได้มีโอกาส ได้กลับบ้านไหม หรือจะต้องจบชีวิตลงที่โรงพยาบาลแห่งนี้ แต่สุดท้ายแล้ว ด้วยความเอาใจใส่ต่อผู้ป่วย ความรู้ของคณะแพทย์ทั้งหมด ที่ทุ่มเท กาย ใจ สติ ปัญญา ทำให้ผม ได้กลับมาบ้าน มาด้วยความปลอดภัย จนทุกวันนี้ ผมยังรู้สึกถึงความมหัศจรรย์ ที่ได้รับจากที่โรงพยาบาลจุฬากรณ์ และจะไม่มีวันลืม ความเมตตา กรุณา ปราณี ต่อ อดีต คนไข้ คนหนึ่ง ที่ ยมทูต เคยเกือบจะเอาชีวิตกลับไปแล้ว ครับ	5	chula
international standard	มาตรฐานสากล	5	chula
Be the first to panic! Yet. Cue cards are inserted dozens.	มาถึงคนแรกตกใจ!เลย ใบคิวเสียบไว้เป็นหลายสิบ	1	chula
Many people have come to rely on good 2nd. I had occasion several times.	ผู้คนมากมาย บริการดี พึ่งมาได้ครั้งที่2 คงมีโอกาศมาอีกหลายครั้ง	4	chula
I would like to praise the doctors and nurses obstetrics ward building security. The. The. I was going to the hospital, but just 2-3 against the doctor's appointment today. Because we arrived late own Chonburi travel by car, do not. But today he has checked with your doctor. Feel so good inside Ambulance service was very impressed that I made are encouraged to maintain. Previously admitted that the pipes are secretly crying all day. I came here today, I am grateful to you very much. You can see the care and guidance very good.	อยากจะขอฝากชื่นชมคุณหมอและพยาบาลแผนกสูตินรีเวช ตึกภ.ป.ร.ค่ะ คือไปมาโรงพยาบาล 2-3 ครั้งแล้ว แต่เพิ่งได้เจอกับคุณหมอที่นัดไว้วันนี้ เหตุเพราะเรามาช้าเอง เดินทางมาจากศรีราชา ชลบุรี เจอรถติดเลยไม่ทัน แต่วันนี้ได้เข้าตรวจกับคุณหมอ รู้สึกสบายใจอย่างบอกไม่ถูก พยาบาลก็บริการดีมากๆ ประทับใจค่ะ เลยทำให้มีกำลังใจในการรักษา ก่อนหน้านี้ยอมรับว่าท้อมากๆแอบร้องไห้ทุกวัน พอมาที่นี่วันนี้รู้สึกขอบคุณคุณหมอมากๆค่ะ ท่านดูใส่ใจและให้คำแนะนำดีมากค่ะ	5	chula
Everything for us.. Excellent.	ทุกอย่างสำหรับเรา ..ดีเยี่ยม	5	chula
Warm pots of good	อุ่นใจใกล้หมอเก่งๆ	4	chula
I have always relied on	พึ่งพาได้เสมอเลย	5	chula
Thanks to the doctors and nurses who care for patients as well. Sometimes it's not beautiful	ขอขอบคุณหมอและพยาบาลที่ดูแลคนไข้เป็นอย่างดี บางครั้งอาจพูดไม่ไพเราะ	4	chula
Doctors and nurses caring for patients understand my inspiration and beaming.	หมอและพยาบาลดูแลดีีค่ะเข้าใจคนไข้ยิ้มแย้มแจ่มใส	4	chula
The service is very attentive patient.	การบริการ ดีมากค่ะ ใส่ใจผู้ป่วย	5	chula
Normally this hospital atmosphere, the nice clean ever take her to treat her better, but as a culture or a waste of money .... but together.	ปกติโรงพยาบาลนี้บรการดีนะคะสะอาดเคยพาแม่ไปรักษาอาการแม่ดีขึ้นแต่เปนเพาะเสียเงินหรือเปล่า....แตร่	5	chula
Rice. Agriculturally. CU to all staff personnel, all well-being of all people. I appeal to all appreciative of, the process. The university with the integrity of the functions that you have responsibilities as well.	อู่ข้าว.อู่น้ำ.จุฬาให้ทุกอย่างเจ้าหน้าที่บุคคลากรทุกท่านมีความเป็นอยู่ดีทุกคน.ขอให้ทุกท่านสำนึกในบุญคุณของ,ร.พจุฬาด้วยให้ซื่อสัตย์ในหน้าที่ที่ท่านได้รับผิดให้ดีที่สุด	3	chula
Staff is great What good assistant smiling Mother's bedroom. May. Do not watch. But there's good sitters. Concern has reduced half	บุคคลากรดีมาก น้องผู้ช่วยยิ้มแย้มดี แม่นอนร.พ.ห้ามเฝ้า แต่มีน้องผู้ช่วยดูแลอย่างดี ลดกังวลได้กึ่งหนึ่ง	4	chula
I have a physical examination every 3 months at the hospital to care for the sick can best thank you to all my doctors.	ฉันต้องไปตรวจร่างกายที่นี่ทุกๆ3 เดือนเป็น รพ.รัฐบาลที่ดูแลคนป่วยได้ดีที่สุดขอบคุณคุณหมอทุกๆท่านค่ะ	5	chula
Modern, excellent staff. ^ _ ^	มีความทันสมัยเจ้าหน้าที่ดีเยี่ยม ^_^	5	chula
Well, because it had to take the children.	ดีมากๆเพราะเคยพาลูกไป	3	chula
The minority will have the services of a good nurse. The building was surrounded Morning Mixed age bracket than others. Really old wry face New nursing bit better But the longer they stay longer to be like that. I understand that Thailand Why is this government hospital. If you are a nursing service ethic, why fuck. Others do better I believe in you, I just do not think I did not come to me. I would have to rate as the banks do. Prior to raise salaries The press service rating. People do not need to raise a lot of complaints. Find out if the service is good. I am a footballer serve the country for ten years. But to discourage people from Thailand together. I hope that the post of the director of Chulalongkorn Hospital. I've read it	ส่วนน้อยที่จะเจอการบริการของพยาบาลที่ดี ยิ่งตึกสวัสดิ์ล้อมแล้ว คนผิวค้ำๆอายุมากกว่าคนอื่น เก๋าจริงๆหน้าบอกบุญไม่รับ พยาบาลใหม่ๆก็ดีหน่อย แต่ไม่รู้อยู่ไปนานๆจะเป็นเหมือนพวกอยู่นานหรือเปล่า ไม่เข้าใจว่าเมืองไทย โรงพยาบาลรัฐบาลทำไมต้องเป็นแบบนี้ ถ้าคุณไม่จรรยาบรรณในการบริการมาเป็นพยาบาลทำไมล่ะค๊าบ ไปทำอาชีพอื่นดีกว่า ผมศรัทธาในตัวคุณหมออย่างเดียวไม่งั้นผมไม่เข้ามาใช้บริการแน่ๆ น่าจะมีการให้คะแนนเหมือนตามธนาคารนะ ก่อนจะขึ้นเงินเดือนให้ ให้ผู้ใช้บริการกดให้คะแนน คนไหนโดนร้องเรียนมากๆไม่ต้องขึ้นเงินเดือนให้ ดูซิว่าจะบริการดีมั้ย ผมเป็นนักฟุตบอลทีมชาติรับใช้ชาติมาเป็นสิบกว่าปี แต่มาหมดกำลังใจจากคนไทยด้วยกัน หวังว่าโพสของผมคงไปถึงผู้อำนวยการโรงพยาบาลจุฬา คงได้อ่านนะครับ	2	chula
It was hot so great to me.	มันร้อนๆๆๆๆสุดๆไปเลย	5	chula
The hospital has treated a number of senior patients. Service was very good system queue. This is very convenient for the patient, but the patient never quite seemed very new system of modular services providing a flow chart to read a very elusive. Ask PR response was not described very briefly. It concluded that better served the country very much. Especially when access to medical doctors are exceedingly generous. Describe and maintained immensely. Do not give up easily Let them praise	เป็นสถานพยาบาลที่มีผู้ป่วยอาวุโสจำนวนมารับการรักษา บริการดีจัดระบบคิวได้ดีมาก ซึ่งสะดวกมากสำหรับผู้ป่วยที่เคยมา แล้ว แต่ผู้ป่วยใหม่ค่อนข้างจะลำบากมากเรื่องระบบการให้บริการต่างๆที่แยกส่วน หาflow chartการให้บริการเพื่ออ่านให้เข้าใจยากมาก ถามประชาสัมพันธ์ก็ตอบสั้นๆไม่ค่อยอธิบายมาก แต่ก็สรุปว่าบริการดีกว่าต่างจังหวัดมากครับ โดยเฉพาะเมื่อเข้าถึงนายแพทย์คุณหมอทั้งหลายใจดีเหลือเกิน อธิบายดีและรักษาอย่างสุดฤทธิ์สุดเดช ไม่ยอมแพ้ง่ายๆ ขอยกย่องนับถือครับ	5	chula
I would like to thank the doctors are very good. I Rungsak. Medical professionals brain surgery The treatment I cured A new life for the better	คุณหมอเก่งมากค่ะ ขอขอบพระคุณ อ.หมอรุ่งศักดิ์ แพทย์ผู้เชี่ยวชาญด้านผ่าตัดสมอง ที่ได้รักษาดิฉันให้หาย มีชีวิตใหม่ที่ดีขึ้น	5	chula
I think this is a hospital with a high standard.	ไม่เคยใช้บริการคิดว่าเป็นโรงพยาบาลที่มีมาตรฐานสูง	5	chula
Baby fever take children to the examination at 17.00. Until 18:17 Unchecked The nurse said that history has not come to half an hour the fever was not measured. See your mother nursing a child running a fever, headache, poor health, but your mother did not find anything. I do not have the cash to pay your mother, do not drive very slowly.	ลูกเป็นไข้พาลูกมาตรวจตั้งเวลา17.00 จนถึงเวลา18.17 ยังไม่ได้ตรวจ พยาบาลบอกว่าประวัติยังไม่มาต้องอีกครึ่งชั่วโมงไข้ก็ไม่ได้วัด ดูพยาบาลแม่งทำงานลูกไข้ปวดหัวจะแย่แล้วแต่พยาบาลแม่งไม่ได้ห่าอะไรเลย จ่ายเงินสดนะไม่มีบตรอะไรแม่งทำช้ามากๆ	1	chula
Terrible.. Patients wait so long.. No matter how the system delays ... it's like.. If you pay yourself.. Run very fast.. If free.. Wait a very long time.. But authorities speculate on .. I'm straight channels 1-5 .... The great improvement.. But 6:00. 9:00 pm, then it's not over.. .. check queue # I looked at the officer. I noticed a long time.. To speculate, but I.. Giggling like coming to work ... or talk.. I went to this shirt.. Ho.. Terrible.. Hospital .. it's big.. the system will be better than this ..	แย่มาก..คนไข้รอนานมาก..ระบบล่าช้า...มากี่ทีๆก็เหมือนเดิม..ถ้าจ่ายเอง..เรียกเร็วมาก..ถ้าฟรี..รอนานมาก..เจ้าหน้าที่มั่วแต่คุย.. ไอ้ตรงช่อง..1-5อ่ะ..ปรับปรุงมั้งดิ..มาแต่6:00 9:00โมงกว่าแล้วยังไม่ได้..คิวตรวจ.. #เวลานั่งมองเจ้าหน้าที่.สังเกตุนานล่ะ..มั่วแต่คุย..หัวเราะคิกคักๆๆๆ...มาทำงานหรือมาคุย..บางทีก็เดินไปนู้นนี่..โห่..แย่มาก..รพ..ก็ใหญ่..ระบบหน้าจะดีกว่านี้..	1	chula
5 days balloon at heart. Chulalongkorn Hospital. Thank you to the doctors and nurses who care. There's a well Let them do good results you get, but what a great time she Sajee Boonyasatit birds # Chulalongkorn Hospital. # # Coronary heart disease, heart balloon.	5 วันที่ทำบอลลูนหัวใจ ณ. โรงพยาบาลจุฬา ขอขอบคุณคุณหมอและคุณพยาบาลที่ดูแล เอาใจใส่เป็นอย่างดี ขอคุณงามความดีจงส่งผลให้ทุกท่านได้รับแต่สิ่งที่ดีๆตลอดไป นาง ศจี บุญญกนก #โรงพยาบาลจุฬาลงกรณ์ #โรคเส้นเลือดหัวใจตีบ #บอลลูนหัวใจ	5	chula
exceptional Service	บริการเยี่ยม	2	chula
Since admitted to the hospital for 3 years, CU doctors providing care is very good ... very good thanks to the care of patients at all levels.	ตั้งแต่เข้ารับการรักษาที่ รพ.จุฬาฯ เป็นเวลา 3 ปีแล้ว คณะแพทย์ให้ความดูแลรักษาเป็นอย่างดีค่ะ...รู้สึกดีมาก ขอบคุณค่ะ ที่ใส่ใจคนไข้ทุกระดับชั้น	4	chula
The room is OK Standard Rooms do not know as yet ใg I never use. (It will not take more than 55).	ห้องพิเศษก็โอเคร ห้องธรรมดาก็ไม่รู้เหมือนกันว่าเป็นยังใงครับไม่เคยใช้บริการ. (แต่ก็ไม่ใช้จะดีกว่า55)	4	chula
Waiting for IP:	รอตรวจ นานแว้ว	5	chula
Very difficult to find parking I used it as a practicing physician, patient wards shots already examined every three months but did not know anything.	หาที่จอดรถยากมาก เบื่อที่ใช้แพทย์ฝึกหัดตรวจคนไข้แถมเป็นคนไข้นัดตามตรวจอยู่แล้วทุกสามเดือนแต่กลับไม่รู้อะไรเลย	2	chula
Good service and modern medicine	บริการดีเครื่องแพทย์ทันสมัย	4	chula
Authorities do not have a lot of sympathy, thank you tired of working for the people.	งานที่มากเจ้าหน้าที่คงจะทำไม่ทันน่าเห็นใจครับขอบคุณครับที่ทำงานเหนื่อยเพื่อประชาชน	4	chula
Doctors here are very good	หมอที่นี่เก่งมากครับ	5	chula
Had surgery on a brain tumor in 2553 with the immense gratitude of doctors and nurses.	ได้รับการผ่าตัดเนื้องอกในสมอง ปี 2553 ด้วยความสำนึกในพระคุณอันยิ่งใหญ่ของคณะแพทย์และพยาบาล	5	chula
To the hotel but no parking and some officials saying impolite.	ไปมาสะดวกแต่ไม่มีที่จอดรถเจ้าหน้าที่บางคนพูดจาและบริการไม่สุภาพ	4	chula
A prestigious The dependence of the poor fall guards.	เป็นสถานที่ทรงเกียรติ์ เป็นที่พึ่งพาของคนยากไร้ยามเจ็บไข้	3	chula
The described procedure can be treated very easily understood. Orthopedic doctors and nurses are not friendly materials.. Great place clean and tidy. Shady. I call it a 5 star.	การอธิบายขั้นตอนเข้ารักษาดีมากฟังได้ เข้าใจง่าย .หมอกระดูกและพยาบาลเป็นกันเองไม่ดุ..สถานที่ดีสะอาดเรียบร้อย ร่มรื่น.เรียกว่า5ดาวครับ	5	chula
How many times in how many will require patience and time to chill. The Japanese tried to think in terms of how well it can not. I feel better But that's wrong Obtrusive to me I know that there is only us. All it takes patience, perseverance, but throughout the year than the treatment of this hope becomes a lean Seder and buried deep in a very negative sense any more.	จะกี่ครั้ง จะกี่หน ต้องใช้ความอดทน และ ทำใจ ทุกครั้งที่มา ไม่ว่าตะพยายามคิดในแง่ดีแค่ไหนก็ไม่สามารถ ทำให้ความรู้สึกดีขึ้นเลย ได้แต่คิดผิดที่กู เสือกมาที่นี่เอง ก็รู้ว่าไม่ได้มีเพียงแต่เรา ทุกคนก็ใช้ความอดทนแต่ตลอดปีกว่าที่เพียรมารักษาที่นี่ จากความหวัง กลายเป็นความฝังใจและฝังยันรากลึก ในแง่ลบ มากๆๆๆๆๆๆๆ	2	chula
Of the province from 6 am. Doctor - off duty at 7-9 o'clock in the morning the cards did not work. Play Mobile is not any worse crap any more. Ask the guard was bad manners	มาจากต่างจังหวัดตั้งแต่6โมงเช้า คุณหมอเข้า-ออกเวรตอน 7-9โมงเช้า ช่องทำบัตรก็ยังไม่ทำงาน เล่นมือถืออยู่ได้แย่ๆๆๆๆห่วยๆๆๆๆๆๆๆๆ สอบถามยามก็มารยาทห่วย	1	chula
Hospital hospital several states to improve the appearance and serving each other out. I think the university will continue to serve with facial expressions and, like the latter, there is no Social Network here.	พยาบาลรพ.รัฐหลายๆที่ปรับปรุงเรื่องหน้าตาและการให้บริการกันหมดแล้ว ไม่คิดว่าจุฬาจะยังคงการบริการด้วยสีหน้าและสีหน้าเหมือนสมัยที่ยังไม่มี Social Network นะคะ	1	chula
I went to a lot of people find it difficult because there are many building blocks were never going to do it.	เคยไปเหมือนกันคนเยอะมากเดินหาตึกยากเพราะมีหลายตึกคนไม่เคยไปงงแน่ๆ	3	chula
Thank you for caring for our great country to offer help and advice, very good for both the doctor and all the staff here.	ขอบคุณมากค่ะที่ดูแลคนต่างจังหวัดอย่างเราดีมากให้ความช่วยเหลือและคำแนะนำดีมากค่ะทั้งคุณหมอและทีมงานทุกคนค่ะ	5	chula
To finally have a sense of home away from home _ often to me, but I'm tired! I must go	ไปจนมีความรู้สึกเป็นบ้านอีกหลัง_ไปบ่อยซะจนเหนื่อย แต่! ก็ต้องไป	2	chula
I have a new life here, doctors, nurses, thank you for giving new life.	ผมมีชีวิตใหม่ กับ ที่นี่ขอบพระคุณ หมอพยาบาล ทุกท่านที่มอบชีวิตใหม่ให้	5	chula
With this stamp Tell Top Excellent Service	กับความประทับนี่ บอกเลยสุดยอดมาก บริการดีเยี่ยม	5	chula
Finally, it's a great Thank you doctor, every nurse, every person. Every housewife And nurse all The medical team blue line. Post surgery, his daughter, including medical students, 4 years who took care of talk and encouragement. Even in the hospital for 6 days, but warm feel safe. Thank you most	เยี่ยมยอดที่สุดเรยค่ะ ขอบคุณคุณหมอทุก ๆ ท่าน พยาบาลทุกท่าน แม่บ้านทุกท่าน และบุรุษพยาบาลทุกท่าน โดยเฉพาะทีมแพทย์สายสีฟ้า ที่ทำการผ่าตัดให้ลูกสาว รวมถึง นิสิตแพทย์ปี 4 ที่เข้ามาดูแล พูดคุย และให้กำลังใจ แม้จะอยู่โรงพยาบาลเพียง 6 วัน แต่อบอุ่นใจ รู้สึกปลอดภัย ขอบคุณมากที่สุดเลยค่ะ	1	chula
Very tight	เก่งมากคับ	3	chula
Good patient care services, counseling resolution.	บริการดีเอาใจใส่คนไข้ให้คำปรึกษาละเอียดมาก	4	chula
Excellent service, very	การบริการ ยอดเยี่ยมมาก	5	chula
Hospital patients have to accept that your doctor FDA officials were all made during the most creeped me.	คนไข้เยอะมากไปรพต้องทำใจคิดว่าคุณหมอเเละเจ้าหน้าทื่ทุกฝ่ายทำดืทื่สุดเเล้ว	5	chula
The doctor strikes 7:30. I made a mistake sending the layers themselves. Schulz took her to wait. Waste of time because you have all the 3-hour full. It was almost noon Check Blame to blame the people responsible do not access the system! But thanks to medical grade 13, made it to the finish in the # bad things always happen to good stories.	มาหาหมอนัด 7.30 น. ทำใบนัดส่งตัวผิดชั้นกันเอง ชั้ลต้องพายายมานั่งรอ เสียเวลาเพราะคุณๆทั้งหลาย3ชม.เต็มๆ กว่าจะได้ตรวจเกือบเที่ยง โทษกันไปโทษมาไม่คนรับผิดชอบเลย ไร้ระบบ! แต่ขอบคุณพยาบาลชั้น13นะคะช่วยทำเรื่องให้จนเสร็จ เรียบร้อย #ในสิ่งไม่ดีมักจะเกิดเรื่องราวดีๆ	1	chula
Good service, polite staff The treatment does not discriminate whether or Gold card to pay for itself. Friendly staff and patients (patients relative to the services at the endoscopy pesetas).	บริการดี เจ้าหน้าที่พูดจาสุภาพ การรักษาไม่เลือกปฏิบัติไม่ว่าบัตรทองหรือเสียเงินเอง เจ้าหน้าที่เป็นกันเองกับคนไข้(เป็นญาติคนไข้ที่ไปใช้บริการที่ห้องส่องกล้องต่ะ)	4	chula
Her father had cataract surgery Expected better service than this department. Nurses are very good Recommended procedures for wound care with the patients and their relatives, as well as a friendly smile and answer questions. On the return trip, we saw a very good father. He calls the golf cart to get the building blocks that led to global security. To get to the subway with the impression that all departments are.	พาพ่อมาสลายต้อกระจก บริการดีเกินคาดค่ะแผนกนี้ พยาบาลเก่งมาก แนะนำขั้นตอนการดูแลแผลทั้งกับคนไข้และญาติอย่างดี เป็นกันเอง ยิ้มแย้มและตอบคำถาม ขากลับเขาเห็นพ่อเราอาการไม่ค่อยดี เขาโทรเรียกรถกอล์ฟมารับถึงตึกให้พาไปส่งตึก ภปร. เพื่อไปต่อรถไฟใต้ดินให้ด้วย ประทับใจ อยากให้ทุกแผนกเป็นแบบนี้	4	chula
Good people have died, many of them new. And it is the State Hospital No. 1 in my heart.	ดีค่ะ คนใกล้ตาย ได้เกิดใหม่หลายคน และสมกะเป็นโรงพยาบาลรัฐ ที่1 ในใจฉัน	5	chula
This led fans to check kidney annual drill. Doctor to stand at about 35. I do not finish 35 rooms. To check filing wipe it right off society. But the man in charge of La 2 people. Then we went back and forth. The story does not finish once Check room was disqualified themselves well. The service is not working at all (room 1. Check right) very little room thanks to 35. Table 2. helped make the finish.	วันนี้พาแฟนมาเจาะตรวจไตประจำปี. คุณหมอให้มายืนเรื่องที่ห้อง 35. พอทำเรื่องเสร็จพี่ห้อง35 ให้ไปยืนเอกสารตรวจเช็ดสิทธ์ปนะกันสังคม แต่คนรับผิดชอบลา ทั้ง2คน. แล้วให้เราเดินไปๆมาๆ เรื่องไม่เสร็จสักที ห้องตรวจสิทธ์ก็พูดจาไม่ดี ไม่สมกับทำงานบริการเลย(ห้อง1 ตรวจสอบสิทธ์) แย่มากๆๆ ขอบคุณพี่ห้อง35. โต๊ะ2. ที่ช่วยทำเรื่องให้จนเสร็จ	1	chula
a little more	อีกนิดหน่อย	4	chula
Very little ever Patrol treating children. You have an opportunity to talk to patients about the symptoms I've detailed my heart that this is serving me. The lot size This is not likely to do well. Are just some of the points / and some officials only. Looks to be frustrated But very few know	ดีมากๆๆ เท่าที่เคยตะเวนรักษาลูกมา คุณหมอเปิดโอกาศให้คนไข้ได้พูดคุยถึงเรื่องอาการอย่างละเอียดพึ่งเคยเจอค่ะ หัวใจสำคัญ ที่นี้คือการให้บริการค่ะ ขนาดคนเยอะมากๆ ไม่น่าจะทำได้ดีขนาดนี้ มีแค่บางจุด/และเจ้าหน้าที่บางคนเท่านั้นค่ะ ที่ดูจะขี้หงุดหงิด แต่ก็น้อยมากที่เจอ	5	chula
To come to the hospital. The government must come to terms with it. Hospital waiting for me on the private sector.	การที่มาใช้บริการรพ.รัฐบาลต้องทำใจค่ะขนาด รพ.เอกชนยังต่อรอคอยค่ะ	3	chula
Waiting for me to call the doctor was wrong room.	รอคิวนานค่ะ เรียกเข้าพบแพทย์ ก็ผิดห้อง	3	chula
best	ดีที่สุด	5	chula
Maintenance personnel understand less is not enough. But officials here courtesy For some it I think that's what I work for a salary.	การดูแลน้อยเข้าใจบุคลากรไม่เพียงพอ แต่มารยาทเจ้าหน้าที่นี่สิ อบรมกันบ้างนะคะ คิดแค่ว่ามาทำงานเพื่อรับเงินเดือนรึไง	1	chula
But because of various circumstances, but I am confident that Chula Hospital is one of the few of the best.	แล้วแต่เพราะหลากหลายสถานการณ์แต่ผมเชื่อมั่นว่าโรงพยาบาลจุฬาฯเป็นหนึ่งในไม่กี่แห่งที่ดีที่สุดของประเทศไทย	5	chula
Doctor brilliant cast	หมอเก่งมาก หล่อด้วย	5	chula
Excellent	ยอดเยี่ยมมาก	5	chula
Go to the hospital. Filing early appointment cards But not for a patient once. What works well Get back to me The real story never developed	พ่อไปตรวจที่รพ. ยื่นบัตรนัดแต่เช้า แต่หาประวัติคนไข้ไม่เจอสักครั้ง ทำงานแบบไหนกันคะ ติดต่อกลับได้เลยคะ เรื่องจริงที่ไม่เคยพัฒนา	1	chula
Cue Card is sent to the press box open (time), hit nothing.	บัตรคิวส่งตัว ที่ใช้กดตู้ เปิด(เวลา)ตีอะไรครับ	1	chula
Very good	ดีมากคะ	5	chula
The hospital is a good hospital, one of Bangkok Hospital doctor I was cute.	เป็นรพที่ดีอีกรพหนึ่งของกทมหมอเก่งพยาบาลก็น่ารักค่ะ	5	chula
I do not want to hear	เคยได้ยิน แต่ไม่อยากไป	1	chula
Kun Doctor Love	คุนหมอน่ารักมาก	5	chula
Very little parking for the treatment / park, but the doctors and nurses with a luxury car with the money ... only to improve but did not know how to do it anymore ... Oh well ... !! !	ที่จอดรถน้อยมากสำหรับผู้มารักษา/มีแต่ที่จอดของหมอกับพยาบาลและรถหรูของคนมีตังค์เท่านั้น...น่าจะปรับปรุงบ้างแต่ไม่รู้เมื่อไหร่จะทำสักที...เฮ้อ...!!!	5	chula
Good service is a good doctor, modern equipment.	บริการดี เป็นระบบ หมอเก่ง เครื่องมือทันสมัย	5	chula
Nurse pretty	พยาบาลสวยๆ	5	chula
Thanks for hospitals	ดีครับสำหรับโรงพยาบาล	4	chula
New Year too	เยียมมากครับ	5	chula
Hospital doctor, but do not ask about parking ...	หมอดี รพดี แต่อย่าถามถึงที่จอดรถ...	4	chula
National standards Patients need to make a hasty mistake so the doctor wrote the prescription pharmaceutical read faster is not clear hurried patients with drug offenses has been solved, it is encouraging fighting.	มาตรฐานระดับชาติ คนไข้มากทำให้ต้องรีบร้อนความผิดพลาดจึงเกิดคุณหมอเขียนสั่งยาเร็วเภสัชอ่านไม่ชัดเจนรีบด้วยคนไข้เลยรับยาผิดแก้ไขได้ครับเป็นกำลังใจให้สู้ๆ	5	chula
Good service, good doctors Kun.	บริการดีค่ะคุนหมอเก่ง	5	chula
Well, my dad had surgery here.	ดีค่ะพ่อเคยผ่าตัดที่นี่	5	chula
Fate page spreads emergency services do not talk bad bad (but do not call the sick).	เวรเปรหน้าฉุกเฉินพูดจาไม่ดี แย่มาก ไม่บริการ (เล่นแต่โทรศัพท์ไม่สนใจคนป่วย)	5	chula
Thanks to the doctors and nurses and all parties. Caring grandmother and father asking all of you to be happy. healthy Working happily to it.	ขอบคุณคุณหมอ และพยาบาล และเจ้าหน้าที่ทุกฝ่าย ที่ดูแลคุณยาย และ คุณพ่อ ขอให้ทุกท่านมีความสุข สุขภาพแข็งแรง ทำงานอย่างมีความสุข ตลอดไปนะคะ	5	chula
After this treatment, the grandmother (Chulalongkorn Hospital).	คุณยายรักษาหลังที่นี้ (ร.พ. จุฬาลงกรณ์ )	4	chula
Doctors and nurses say it's because the good.	คุณหมอและคุณพยาบาลดูแลดีครับ พูดก็เพราะ	4	chula
Good doctors, nurses, staff But public relations volunteers Who queued waited screening talk an awful lot to visit the hospital. The police will do well.	หมอ พยาบาล เจ้าหน้าที่ดี แต่ประชาสัมพันธ์อาสา ที่คอยจัดคิวคอยคัดกรอง พูดจาแย่มาก พาไปดูงานรพ.ตำรวจหน่อยก็จะดีนะ	4	chula
First, I feel worse with wheelchair lift building global security. I say the mouth or that ?????	มาครั้งแรก ก็รู้สึกแย่กับคนเข็นรถขึ้นลิฟท์ตึก ภปร.เลย ที่พูดนะ ปากหรือนั่น ?????	1	chula
Saw the hospital I think everyone would not like it.	ก็เห็นทางโรงบาลนะ ก็คิดว่าคงจะไม่ถูกใจทุกคนหรอก	5	chula
Good	ดีค่ะ	5	chula
Hi.. Used. The cover. Here, however, I think it is already full.	ดีค่ะ..อยากมาใช้ ปกส.ที่นี่แต่คิดว่าน่าจะเต็มแล้วค่ะ	5	chula
Vast shady tree lot Building lot cute nurse.	กว้างใหญ่ไพศาล ร่มรื่น ต้นไม้เยอะ ตึกเยอะ พยาบาลน่ารัก	5	chula
People have to wait a little longer, but better.	คนเยอะรอนานหน่อยแต่ก็ดี	4	chula
Very poor treatment of the skin, from 7 am to 10 pm This is not a cure. People queue after the first. This system does not know How come standard very poor staff was very flattering.	ห่วยแตกมาก มารักษาผิวหนังตั้งแต่ 7 โมงตอนนี้ 10 โมงยังไม่รักษา คนที่มาคิวหลังๆได้ก่อน ไม่รุ้ว่าระบบแบบนี้ ผ่านมาตรฐานมาได้อย่างไร ห่วยมากกๆ เจ้าหน้าที่ก็พูดจาแย่มาก	1	chula
Very good treatment	รักษาดีมากครับ	5	chula
Very patient .... until cheer. All you have ...	คนไข้เยอะมาก....เป็นกำลังใจให้ จนท.ทุกๆท่าน ครับ...	5	chula
This was a very good hospital to give birth here, good service, friendly drivers, I love the character even more students to practice good habits Hospital Chula best already doing very well.	ดีมากโรงบาลนี้เคยไปคลอดลูกที่นี้ค่ะบริการดีเวอร์หมอน่ารักนิสัยเป็นกันเองมากยิ่งนักศึกษาฝึกหัดยิ่งนิสัยดีโรงบาลจุฬาฯดีที่สุดแล้วค่ะทำดีมาก	5	chula
I had to grit my service very good doctor is not going to give me the drug.	ที่ผมไปมานะครับบริการดีมากครับหมอก็ใจดีครับออกค่ายาให้ผมด้วย	5	chula
Like many hospitals do not have to wait long, because patients do not have a thing to ask people to come to sell it for enough to buy it, not reviled. This performs the same, but they curse us or something. When we got down stairs winding down, he went down as well. I said to my friends that behind us. Buy a single flower, it does not have a damn penny Kong. Because he was asking us to buy the same request of them.	ชอบโรงบาลนี้มากคะถึงจะรอนานก็เค้าใจเพราะคนไข้เยอะและมีอย่างนึ่งอยากขอไม่ต้องให้คนเข้ามาเดินขายของนะคะพอรอไม่ซื้อก็ด่า วันนี้กผ้เหมือนกันไม่รู้เค้าด่าเราหรือป่าว ตอนเราลงบันได้เลื่อยลงมาเค้าก็ลงตามมาด้วย เค้าก็พูดกับเพื่อนเค้าข้างหลังเราว่า ซื้อดอกเดียวก็ไม่ได้ไอพวกเหี้ยขี้งก เพราะเค้าก็มาขอให้เราซื้อเหมือนกัน ขอละนะคะ	5	chula
Confusing to me.. Because they block a lot.	สับสนไปหน่อย..เพราะตึกเยอะมาก	4	chula
Very good doctor	บริการดี คุณหมอเก่งมาก	5	chula
Dr. Wally surviving daughter was here.	คุณหมอเก่งลูกสาวรอดตายก็ที่นี่	5	chula
Mother admitted to the hospital CU. With a lump in anus From January until now. Doctor appointment queue to surgery, but it is very slow, so it's more pain every day, morphine pills that doctors give painkillers. The memory is not good, forget blurred Discuss anything not remember even before the first symptoms usually everything is very poor mother so I know I have to help her do it. Previously, patients are feeling nice to be in hospital but now I'm not anymore a way to make some quick healing it. Until now, patients with tumor nodules, then added another one like it lump it up. Patient pain and amputation would like it.	แม่เข้ารักษาตัวที่โรงพยาบาลจุฬาฯ ด้วยอาการก้อนเนื้อที่ทวารหนัก มาตั้งแต่เดือนมกราคมจนถึงตอนนี้ หมอนัดคิวจะผ่าตัดให้แต่ช้ามากๆๆๆ อะคะ แม่ปวดมากขึ้นทุกวัน ๆ กินยามอร์ฟีนที่หมอให้แก้ปวด จนกระทั่งความจำไม่ดี หลงๆลืมๆ เบลอๆ พูดคุยอะไร จำไม่ได้ ทั้งๆ ที่ก่อนมาแม่อาการดี ปกติทุกอย่าง สงสารแม่มากๆๆๆ อะคะ พอจะมีทางช่วยแม่มั้ยคะ ก่อนหน้านี้คนไข้มีความรู้สึกดีนะคะที่ได้มาอยู่ รพ.นี้ แต่ตอนนี้ชักไม่ไหวแล้ว คะ มีทางไหนที่จะทำให้การรักษารวดเร็วได้บ้างคะ จนตอนนี้คนไข้มีก้อนเนื้อเพิ่มมาอีก 1 ก้อนแล้วคะ ก้อนเนื้อเดิมก็ใหญ่ขึ้น คนไข้ปวดจนอยากจะตัดขาทิ้งแล้วค่ะ	1	chula
Although many people would have to wait	แม้คนมากมายก้อต้องรอ	5	chula
The 2nd surgery fans do not know who came before him ... Receive equal service standards and I always picture medicine Babri building boom - Missy act impressed me.	พาแฟนมาผ่าตัดครั้งที่ 2 โดยไม่เคยรู้จักใครมาก่อนที่จะเข้ามา... ได้รับบริการมาตรฐานเท่าเทียม และเสมอภาพนะ พยาบาบตึกเจริญ-สมศรีทำหน้าที่ได้ประทับใจค่ะ	1	chula
It's me and my son split after three years of waiting to see what the heck it is.	ก็งั่นๆแหละลูกชายรอคิวผ่าหลังมาสามปีละไม่เห็นมีห่าไรเลย	2	chula
The Bak says thanks Doctors and nurses Dhawatchai you in building an E 9th floor care daughter disease. sle all along, thank you very much.	อบากบอกว่าขอบคุณ คุณหมอธวัชชัยและพยาบาลทุกท่านในตึก ภปร ชั้น 9 ที่ดูแลลูกสาวที่ป่วยเป็นโรค sleด้วยดีตลอดมาขอขอบคุณมากๆค่ะ	5	chula
Thank you all who care doctors and nurses as well. Really appreciate it I think that friendship is like me.	ขอบคุณคุณหมอและพยาบาลทุกคนที่ดูแลเป็นอย่างดี ซาบซึ้งจริงๆนะค่ะ คิดถึงมิตรภาพดีๆที่มีให้กันจังเลย	5	chula
good	ดี	5	chula
Saying it was not me This staff is not better than me. I need noise I'm not saying it is # Disturbing courtesy to come with me some #.	พูดจาดีๆเป็นป่ะค่ะ เจ้าหน้าที่ต้อนรับแบบนี้อย่ามีเลยดีกว่าค่ะ จำเป็นต้องเสียงดังป่าว พูดจาดีๆไม่เป็นหรอค่ะ #รบกวนไปเรียนมารยาทมาใหม่ด้วยค่ะ #บางคน	2	chula
Very good service	ให้บริการดีมาก ค่ะ	5	chula
I do not want to see sick people to the hospital, but the work is done, it must have come across it.	ไม่อยากเห็นคนป่วยไม่อยากเข้าโรงบาลแต่งานที่ทำอยู่มันต้องได้เห็นได้เจอครับ	1	chula
Service very good father, I come every month to service a lovely setting, but your doctor or nurse to maintain this standard to me.	บริการดีมากค่ะคุณพ่อดิฉันมาทุกเดือนให้บริการดีน่ารักตั่งแต่คุณหมอจนถึงพยาบาลขอให้รักษามาตรฐานอย่างนี้ตลอดไปนะคะ	5	chula
Sat for half a day But it's less than 5 minutes. Sigh .... the system, he's good.	นั่งคอยครึ่งวัน แต่เข้าตรวจไม่ถึง5นาที เฮ้อ....ระบบเขาดีจิง	1	chula
Do keep in mind that he wanted to consult a doctor if you do not know I do not.	อย่กทราบการต่อหมั่นว่าอยากปรึกษาหมอว่าควรทำยังงัยบ้างค่ะ	2	chula
Top it with your doctor	สุดยอดกับคุณหมอครับ	5	chula
Officials collection of Chula Hospital is just awesome. QS is not listening.	เจ้าหน้าที่เก็บขยะของโรงพยาบาลจุฬาฯนี่สุดยอดมากครับ คำพูดคำจาฟังไม่ได้เลย	1	chula
He served well, you know I want it understood that a hospital patient services, but they want it to have some delay.	เขาก็บริการดีน่ะคุณๆๆตอ้งเข้าใจน่ะเป็นโรงบาลที่มีผู้ป่วยเยอะการบริการก็ตอ้งมีล้าช้าบ้าง	2	chula
A very long wait, but the doctor explained very easy treatment that hospitals like this.	รอนานมาก แต่คุณหมออธิบายดีมากทำให้ง่ายต่อการักษาสรุปว่าชอบโรงพยาบาลนี้ค่ะ	5	chula
As public hospitals, which included many medical personnel.	เป็นสถานพยาบาลของรัฐที่รวมบุคคลากรทางการแพทย์มากมาย	5	chula
ST. May be good for me as Tia and patient care 24 hours a day for almost three years, I am the ultimate. May it.	ร.พที่ดีสำหรับฉันเป็นสถานทีาทำงานและดูแลผู้ป่วยได้ตลอด24ชั่วโมงเกือบ3ปีสำหรับฉันสุดยอดแห่ง ร.พค่ะ	5	chula
Zhuang service break with the system when you develop them. The officials, who spoke not a dog Riksdag. I do not want to run the service if you do not want your service to work out and do something else now. He took the people really do want to work !!!!	บริการซวงแตกกับการจัดระบบบริการเมื่อไหร่จะพัฒนาสักที โดยเฉพาะเจ้าหน้าที่ที่พูดจาหมาไม่แดก ทำเหมือนไม่อยากมาทำงานบริการถ้าคุณไม่อยากมาทำงานบริการคุณออกกไปทำอย่างอื่นสิ ให้เอาคนที่เขาต้องการทำงานจริงๆมาทำ!!!!	1	chula
Very soon	ดีมากๆๆๆ	5	chula
The first quality I>.	คุณภาพให้ที่1เลยค่ะ >	5	chula
Good service	บริการดีค่ะ	5	chula
On 21 Jun., Doctor's surgery and hospital care as well. Thank you very much	วันที่ 21 มิย.มาผ่าตัด คุณหมอและคุณพยาบาลดูแลเป็นอย่างดีมาก ขอขอบคุณมากๆค่ะ	5	chula
Everything is fine attached to it. Room No. 35 pan patients in the building Chakrabongse employee fat cut short by one. Not willing to work The question was answered on the offensive tone and trim. Patients were asked to stand aside, do not look at it I see mv started off very well slags.	ทุกอย่างดีหมดติดอยู่อย่างเดี่ยว ห้องเบอร์35แพนกรับผู้ป่วยใน ตึกจักรพงษ์ พนักงานคนอ้วนๆซอยผมสั้นข้างนึง หน้าไม่เต็มใจทำงาน คนมาถามก็ตอบน้ำเสียงไม่พอใจตอบแบบถากๆ คนไข้ไปยืนรอถามก็ทำเฉยมองหน้าแล้วก็ไม่ตอบ ฟังเพลงดูmv เริ่ดมากคะอีดอก	3	chula
Parking is difficult to find a parking lot right.	ที่จอดรถหาที่จอดยากมั้งมาก	2	chula
Start using cue cards, a new system was very crowded so busy.. I do not care too sick to be sick, then more of the same.	เริ่มใช้ระบบรับบัตรคิวใหม่คนแออัดมากวุ่นวายจัง..รักษาสุขภาพกันนะอย่าป่วยเลยมาแล้วอาจป่วยมากกว่าเดิม	5	chula
Family services here	ครอบครัวได้ใช้บริการที่นี่	5	chula
Good service personnel will work even harder to maintain it. And treated well Thank you to all staff	การบริการ ที่ดี ของบุคลากร แม้งานจะหนัก ก็ยังสามารถดูแล และรักษาได้อย่างดี ขอบคุณบุคลากรทุกท่านค่ะ	5	chula
I do not pity Greer F ST., This May.	ไม่มีความสงสารกู กูเกรียจ ร.พนี้	1	chula
Service not good for anyone to treat it.	บริการดีค่ะใครไม่สบายไปรักษาได้เลยค่ะ	5	chula
Thank you to all the doctors and nurses, but nurses to improve the interaction between like shouting to them. Then pity me.	ขอบคุณคุณหมอและพยาบาลทุกคน แต่ ปรับปรุง พยาบาลที่มีอายุที่ชอบตะคอกคนใข้แก่แก่ เห็นแล้วสงสารค่ะ .	4	chula
Doc's good	หมอเก่งนะ	5	chula
Hospital emergency department doctor's care ... I love drinking it.	แผนกฉุกเฉินคุณหมอน่ารักพยาบาลก็น่ารัก...ดูแลดืค่ะ	3	chula
Some patients will die not dead, but doctors say it is not. Not detect the cause Many hospitals lose money, it was great. All the doctors have not said anything. If it is, then try to talk to me.	ผู้ป่วยบางคน จะตายไม่ตายแลแต่หมอบอกว่าไม่เป็นอะไร ตรวจหาสาเหตุไม่เจอ ไปก็หลายโรงพยาบาลเสียเงินทองก็มากมาย ทุกที่หมอก็บอกว่าไม่เป็นอะไร ถ้าหมดที่ไปแล้วลองคุยกับหนูได้นะครับ	4	chula
I think that is wrong with the staff great aunt who likes to hit the cue cards so tight. Many times, it is not very kind to me but I do not complain, I stand to make recommendations on five hits. The time it took to leave me candy.	ผิดกับที่คิดไว้คับเจ้าหน้าที่ดีมากชอบป้าคนที่กดบัตรคิวให้จังคับ ใจดีมากกดหลายครั้งไม่ขึ้นก็ไม่มีบ่นเลยคับแถมป้าแกมายืนกดให้คำแนะนำตั้งแต่ตีห้า ไปครั้งหน้าจะเอาขนมไปฝากนะครับ	5	chula
Hospitals nationally Most people are going to be sick.	สถานพยาบาลระดับประเทศ ส่วนใหญ่จะไปเป็นเพื่อนคนป่วย	5	chula
U Oshawa, Oshawa as well be the last chance we have to see what it was like.	เห้ออออออออออ เหมือนจะดี สุดท้ายต้องคอยลุ้นดูว่าจะเป็นไง	3	chula
I know very well	ก็ดีนะดีมากๆ	1	chula
Hospital emergency rooms Show verb very poorly so far to see. If that describes a verb I do not say No need to be a nurse It is against white fairy dress. If executives should strongly improve my manners. You work services Patients and relatives have asked me lots of questions. It matters a lot because it's about the health of the people I love. It is life or death It is normal that a relative is not it curious that the patient would have been like. Or wait, or what's next. To bother you so much, you should not display it, or design it.	พยาบาลห้องฉุกเฉิน แสดงกริยาได้แย่มากๆๆๆเท่าที่ได้เจอ ถ้าอธิบายด้วยกริยาแบบนั้น ก้อไม่ต้องพูด ไม่ต้องมาเป็นพยาบาล มันขัดกับชุดนางฟ้าสีขาว ถ้ามีผู้บริหารเห็นควรปรับปรุงมารยาทอย่างแรงนะคะ คุณทำงานให้บริการ คนไข้หรือญาติมีข้อสงสัยเยอะถามเยอะ เรื่องมากก็เพราะมันเป็นเรื่องสุขภาพของคนที่เค้ารัก มันเป็นความเป็นความตาย มันก็เป็นเรื่องปกติไม่ใช่หรอที่ญาติอยากรู้ว่าคนไข้จะเป็นยังไง หรือต้องรอหรืออะไรต่อไป ถึงคุณจะรำคาญมากแค่ไหนก็ไม่ควรแสดงออกแบบนั้นหรือแบบนั้น	1	chula
I always appreciated the friendly service. But today is the first day that felt that this solution does not crash the system nor how to help the patient. Some service department has generously rounded out the obligations and responsibilities. Not just for the department itself has an obligation to increase.	เคยนึกชื่นชมบริการที่เป็นกันเอง แต่วันนี้เป็นวันแรกที่รู้สึกว่าที่นี่แก้ปัญหาไม่ได้ ระบบขัดข้อง แต่ไม่มีวิธีช่วยเหลือคนไข้ บางแผนกบริการได้เห็นแก่ตัวปัดภาระหน้าที่ความรับผิดชอบให้พ้นตัว เพียงเพื่อไม่ให้แผนกตัวเองมีภาระที่เพิ่มมากขึ้น	3	chula
Good medical care is very good. Can I recover from the accident, Moss Side crystallography overturn strongly and healed a ride it was.	ดีคับ คุณหมอดูแลดีมาก สามารถทำให้ผมหายจากการเกิด อุบัติเหตุ มอไซด์ผลิกคว่ำ อย่างแรงได้ และหายเป็นปกติ เดิน นั่ง ได้อย่างเดิม	4	chula
Service personnel are all very good people, mind you.	บริการดีมากๆ บุคลากรล้วนแต่มีจิตใจดีทุกๆคนค่ะ	5	chula
You speak good diagnostic reliability but officials rarely speak in front of inspectors. Notes unclear spoke briefly with the patient looks annoyed short latency time patients do not understand. Words are not clear Improved staff .... a little of doctors, nurses ... how cute it was much appreciated.	คุณหมอพูดจาดี วิเคราะห์โรค น่าเชื่อถือ แต่เจ้าหน้าทีหน้าห้องตรวจพูดจาไม่ค่อยดี คำอธิบายไม่ชัดเจน พูดกับคนไข้ ห้วนสั้น แฝงลักษณะ รำคาญ เวลาที่คนไข้ไม่เข้าใจ คำพูดที่ไม่ชัดเจน ....ปรับปรุงส่วนเจ้าหน้าที่ อีกนิด ส่วนคุณหมอ พยาบาล น่ารักมาก ...อย่างไรก็ชื่นชม มากค่ะ	5	chula
Chulalongkorn Hospital yesterday to request a quote me, but weep blood, not blood. But today, like yesterday's filing. That leaves only Rama sent me two documents so the hospital sent the harshest view, it does not look like a hospital a nurse slut. You have probably died at the hospital cover it? Running up and down He's probably waiting 2 hours	โรงบาลจุฬา เหอะ เมื่อวานทำขอใบไห้เลือดแต่ไม่ได้เลือด พอมาวันนี้กูยื่นเอกสารเหมือนเมื่อวาน บอกว่าเอาแต่ใบส่งตัวพระราม 2 กูยื่นเอกสารพี่ที่ห้องพยาบาลส่งไห้ดูก็ไม่ดู โรงบาลมี นางพยาบาลดอกทองได้ไง ต้องไห้กูตายคาโรงบาลป้ะค้ะ ? วิ่งขึ้นวิ่งลง แถมไห้กูรอคิว 2ชั่วโมงครึ่ง	1	chula
Thank you for all the care I came here 31 years maternity care here is that all people need to be repaired. The Queen Three Graces King. The founder of the ambulance	ขอบคุณที่ดูแลร่างกายฉันตลอด31ปีก็มาที่นี่ดูแลกันที่นี่คลอดก็ที่นี่คนทุกคนต้องมีการซ่อมแซม ขอให้พระราชินีทั้งสามพระองค์ทรงพระเจริญ ผู้ก่อตั้งโรงบยาบาล	3	chula
Patients wait very long wait operate from 7 am to noon, they had split. Wait until the appendectomy Well, I'm not uncomfortable'm going to say.	ให้คนไข้รอนานมากรอผ่าตั้งแต่7โมงเช้ากว่าจะได้ผ่าก็เที่ยงวัน รอจนไส้ติ่งแตก ทำงานกันไงว่ะอึดอัดว่ะไม่รุ้จะพูดไง	2	chula
It is some look for trouble many rooms would improve in the parlance visitors to customers, because this is a very famous hospital, another hospital in Thailand if you wear white or any party. now I say this, it poses inherent habit people out, do not forget to pay your taxes from them, he concluded a workshop on the new rooms with thanks.	มันก็เป็นบางคนแส่วนมากอยากหั้ยปรับปรุงในการพูดจาแขกผู้มาใช้บริการให้มากกว่านี้เพราะเป็นโรงพยาบาลที่มีชื่อเสียงมากอีกโรงพยาบาลหนึ่งในประเทศไทยถ้าคุณใส่ชุดขาวหรือทำงานฝ่ายใดฝ่ายหนึ่งแล้วมาพูดแบบนี้ดูแล้วมันส่อสันดานนิสัยไพร่ออกมาอย่าลืมนะค่ะเงินเดือนพวกคุณมาจากภาษีเขาทั้งนั้นสรุปขอหั้ยอบรมณ์กันใหม่ด้วย ขอบคุณค่ะ	5	chula
Good service, good things ... health advice very well.	บริการดีคะ พูดจาสุขภาพ...ให้คำแนะนำได้ดีมาก	5	chula
I went into treatment here The doctor was impressed Nursing is a very With a smile, handed We can not just treat drug use, but it makes me feel good. I do not care	พึ่งเข้าไปรักษาตัวที่นี่ รู้สึกประทับใจคุณหมอ พยาบาลที่นี่มาก กับรอยยิ้มที่มอบให้ ทุกท่านรักษาเราไม่ใช่แค่ใช้ยา แต่ใช้ใจด้วย ทำให้ดิฉันรู้สึกดี เหมือนไม่ป่วยเลย	5	chula
The first service of the hospital very well.	มาครั้งแรก การบริการของโรงพยาบาลดีมากเลย	4	chula
I understand That bordered the hospital, but you'll help me, I'm just saying I do service work. # Put the glasses on the 4th floor, room # # little practice the middle way. # Sing so damn hard	คือผมเข้าใจน่ะ ว่าเป้นโรงบาลรัฐแต่คุณป้าช่วยพูดจาดีๆ หน่อย ผมก้ทำงานบริการน่ะผมเข้าใจ #ป้าที่ใส่แว่นอยู่ชั้น4 #ตัวเล็กๆ #หน้าห้องปฎิบัติการกลางน่ะ #ร้องเหี้ยหนักมาก	1	chula
People have to wait for a single analysis.	คนเยอะ รอนานเกิ้นนน	3	chula
Building Security. The. The. Fields slow queues waiting too long to get to the next station.	ตึกภ.ป.ร.ช่องที่รอคิวช้ามากเลยค่ะรอนานกว่าจะได้ไปสถานีต่อไป	4	chula
Well, because the services of the hospital the whole family.	ดีค่ะเพราะใช้บริการของทางโรงพยาบาลทั้งครอบครัว	4	chula
Since time immemorial, I felt and recognized by all. With myself that hospital Chulalongkorn. The Institute of Medicine is the best person I can be a lot. But I've never been treated that badly, but this time, my father had a physical examination. Prostate here with Dr. Assoc., One of the clinic time to queue at the booking is definite. But when patients are questioned To get there in a hurry, impatient, I know you Assoc. Professor, Doctor, there are many who need to make a little more money here. But if you have several With your skill level Why does the government have to work with me to go to the hospital because CU ... go there. Do not choose a doctor It was there for everyone to practice good manners at all times.	ตั้งแต่ไหนแต่ไรมา ผมรู้สึก และรับรู้มาโดยตลอด ด้วยตัวของผมเอง ว่า รพ.จุฬาลงกรณ์ เป็นสถาบันการแพทย์ ที่ดีที่สุด แม้คนจะเยอะมาก แต่ผมไม่เคยได้รับการปฏิบัติที่ไม่ดี แต่ครั้งนี้ พ่อของผม ได้ไปตรวจร่างกาย ต่อมลูกหมากที่นี่ กับคุณหมอ รศ. ท่านหนึ่ง ซึ่งการตรวจคลินิคนอกเวลา จะมีการจอง จัดคิว ที่เป็นระบบที่แน่นอน แต่ทำไมเวลาคนไข้จะสอบถาม ถึงได้มีอาการรีบร้อน ร้อนรน ผมรู้ ว่าท่าน รศ. อาจารย์หมอ มีอีกหลายที่ต้องไปตรวจที่ได้เงินมากกว่าที่นี่ แต่ถ้าท่านมีหลายที่ ด้วยระดับความสามารถท่าน ทำไมถึงยังต้องทำงานราชการด้วย ที่ผม ไปหา ไปตรวจ ที่ รพ.จุฬา เพราะว่า...ไปที่นั่น ไม่ต้องเลือกหมอ ที่นั่นเก่งทุกคน แล้วก็มารยาท การปฏิบัติ ก็ดีมาโดยตลอด	1	chula
No smelly toilet paper for clinics very dirty yesterday afternoon care executive with thanks.	ห้องน้ำเหม็นกระดาษไม่มีสำหรับครีนิคบ่ายสกปรกมากวานผู้บริหารดูแลด้วยขอบคุณค่ะ	5	chula
The hospital is very good	เป็น รพ.ที่ดีมาก	3	chula
Building institutions that cancer services like Kun doctors speak very good nurse, I know the good things out of the good things we do not know the answer they will give a very good feeling disappointed me.	มาที่ตึกสถาบันโรงมะเร็งบริการดีคะคุนหมอพูดจาดีมากนางพยาบาลก็ดีให้ความรุ้ดีพูดจาดีหมดสิ่งไหนเราไม่รุ้เขาจะให้คำตอบดีมากรุ้สึกไม่ผิดหวังคะ	5	chula
Doctors say that the treatment was not very reliable treatment at private hospitals than other hospitals. The nurse is what (some) looks to go !! And I think a lot of queue The ATM queue 169 automated screening done anything finished No. 062 Huh !!! The man hit me worse before queuing. But do not be so much. But the people waiting doctors returned not wait to play my 100 hours over two-thirds Hi !!!	คุณหมอพูดดี รักษาดีมาก ไม่ว่าเป็นอะไรไว้ใจการรักษาที่นี่มากกว่าโรงพยาบาลเอกชนหลายๆโรงพยาบาล แต่นางพยาบาลเป็นอะไรครับ(บางคน) ดุไปไหน!! แล้วงงกะคิวมาก ทั้งที่มีตู้กดอัตโนมัติ ได้คิว 169 คัดกรองเสร็จอะไรเสร็จ ลำดับที่ 062 ห๊ะ!!! งี้ก็แย่ดิ คนกดบัตรคิวก่อน แต่ยังทำอะไรไม่เสร็จเลยเยอะมาก แต่คนเสร็จรอคิวหมอแล้วกลับยังไม่ได้ รอไปสิครับ 100 กว่าเลข สองสามชั่วโมงได้ เห้อ!!!	3	chula
Very good service.. It	บริการดีมาก..ค่ะ	5	chula
Doctor and nurse services all.	คุณหมอและพยาบาลบริการดีทุกท่านครับ	5	chula
Hi	ดีครับ	4	chula
# Some nurses modal low! Repeated some discrimination! Named Ray Hospital Building Nawamintr. Follow Kot patient's heel. We had a 5 day never faced change of bed linen once probably would not care much, but other people will change jars. She immediately told her array I do not feel tired foils! (I do not bite, emotional) I was tired enough Rua do. But before making this idea strike you think?	#พยาบาลบางคนกิริยาต่ำ! ย้ำนะคะบางคน เลือกปฏิบัติ! เอ่ยชื่อเรย พยาบาลตึกนวมิน ปฏิบัติกะคนไข้ได้ค่ตส้นตีน ตัวเรามานอน5วันไม่เคยเผลี่ยนผ้าปูเตียงไห้ซักครั้ง ก้อไม่เท่าไร แต่พอพยาบาลอีกคนจะเปลี่ยนไห้ นางรีบบอกเรยนะ ไม่ต้องๆขี้เกียดเหนื่อย! ( แถมทำหน้าไม่สบอารม ) คือ เหนื่อยก้อพอรุันะ แต่พุดต่อหน้ากุขนาดนี้ ไห้คิดไง?	1	chula
Pleasant atmosphere, good service, but a lot of patients every day.	การบริการดีบรรยากาศก็ดีแต่คนไข้เยอะมากแทบทุกวัน	5	chula
Very bad for both doctors and nurses, particularly nurses with not to mention the people in cold blood Christ with the wood that nurses make to patient how to Tewksbury surgery, not to mention really treated like a dog feet. the drug has already had a very good cricketers, so doctors do not know whether to believe it's true.	แย่มากๆทั้งหมอและพยาบาลยิ่งพยาบาลด้วยไม้ต้องพูดถึงค่าคนได้อย่างเลือดเย็นไครได้กับตัวไม้รู้ว่าพยาบาลทำกับคนไข้อย่างไรคนที่ทูกผ่าตัดนั้นไม้ต้องพูดถึงเลยรักษาเหมือนหมาตัวหนึ่งเท้านั้นยาไม้ให้แล้วยังไส่ความได้เก่งมากๆๆๆหมอไม้รู้ก็ไปเชื่อมันว่าเป็นเรื่องจริง	2	chula
Thanks to the doctors, nurses, patient care is very good. Use it twice	ขอบคุณแพทย์พยาบาลที่ดูแลผู้ป่วยเป็นอย่างดีนะคะ ใช้บริการสองครั้งแล้วค่ะ	5	chula
Officials examination rooms, surgery I do not smile Not polite with patients	เจ้าหน้าที่ห้องตรวจศัลยกรรม หน้าตาไม่ยิ้มแย้ม พูดจาไม่สุภาพกับคนไข้	5	chula
Emergency room patients' relatives in front of the air conditioner when the repair will do.	ห้องพักญาติผู้ป่วยหน้าห้องฉุกเฉินแอร์เสียเมื่อไรจะซ่อมซักที	5	chula
Omitted a long wait !!	รอนานฉิบ!!	1	chula
Health inspectors have a very long wait	เคยตรวจสุขภาพรอนานมาก	3	chula
Doc Savage, very good, very generous, with 555 resolute determination decisive !! I recommend !! Made me really fast !! I guarantee !! PS. I also cast my nurse was cute ^^.	หมอเก่งมากโหดมาก 555+ ใจดีด้วยครับ ตัดสินใจ เด็ดขาด แน่วแน่ !! แนะนำเลย !! ทำเรื่องเร็วมาก เด็ดขาดจริงๆ !! ผมรับประกัน !! ปล.หมอก็หล่อ พยาบาลก็น่ารักด้วยครับ ^^	5	chula
The clinical endoscopic 3rd Floor patients in particular. Do not ask to have cue cards. Patient waiting for the clinic to open in the morning. Opened a very busy People scramble cue. No need to go to the bathroom was down 1 Laminate up to come to the hospital system to access it.	ที่คลินิคส่องกล้อง ชั้น 3 ตึกผู้ป่วยในพิเศษ อย่าจะขอให้มีบัตรคิว คนไข้มารอคลินิคเปิดแต่เช้า พอเปิดเกิดความวุ่นวายมาก ต่างคนต่างแย่งกันวางคิว ห้องน้ำก็ไม่มีต้องลงไปเข้าช้ัน 1 ขึ้นลงไปมา ขอให้ทาง รพ.ปรับระบบการเข้าใช้บริการด้วยคะ	3	chula
Good service, good patient test results quickly. modern tools Although patients will have both your doctor and nursing staff, good service, I appreciate it.	บริการดี ดูแลคนไข้ดี ผลการตรวจรวดเร็ว เครื่องมือทันสมัย แม้คนไข้จะเยอะ ทั้งคุณหมอ คุณพยาบาล ทั้งเจ้าหน้าที่ บริการดีค่ะ ขอชื่นชมค่ะ	5	chula
The hospital is the best. The quality of life of all people.	เป็นโรงพยาบาลที่ดีที่สุดค่ะ เพื่อคุณภาพชีวิตที่ดีของทุกคนค่ะ	5	chula
Your doctor, nurse, patient care But wait very long.	คุณหมอ พยาบาลใส่ใจคนไข้ แต่รอคิวนานมากกกก	4	chula
Service is very good	ให้บริการดีมากครับ	5	chula
Call me It was around the end of 2555, I had to use my front Dental. Second, I'd like tooth to know that as of today is the same or not. It was then that the first tooth. I had to dissect No appointment to the new post It depends on the moment. Services of doctors, I was very impressed. I would not call it dental department. I will post another tooth. I would have to ask them. Who keeps telling me I'm #.	สอบถามหน่อยครับ พอดีเมื่อประมาณปลายปี 2555 ผมเคยไปใช้บริการแผนกทันกรรมครับ ผ่าฟันคุดไปสองครับ อยากทราบว่า ณ ปัจจุบันนี้ ยังเหมือนเดิมอยู่หรือเปล่า เพราะตอนนั้นที่ไปผ่าฟันครั้งแรก ไปถึงได้ผ่าเลยครับ ไม่ต้องนัดมาใหม่ครับ หรือว่าขึ้นอยู่กับช่วงเวลาครับ การให้บริการของหมอประทับใจมากครับ ผมอยากได้เบอร์แผนกทันตกรรมครับ ผมจะผ่าฟันคุดอีกครับ เพื่อผมจะได้ติดต่อสอบถามครับ ใครทราบช่วยบอกผมหน่อยนะครับ #ขอบคุณครับ	5	chula
Excellent patient care The attention to the treatment of heart glowing eloquence smiling. But there are some points Rarely explain how Some people never come to know exactly what to do, but it's understandable because there are a lot of patients. Officials could not thorough care	ดูแลคนไข้ดีมาก ใส่ใจในการรักษา พูดจาไพเราะ ยิ้มแย้มแจ่มใจ แต่มีบ้างบางจุด ที่ไม่ค่อยอธิบายอะไรเท่าไร เพราะบางคนไม่เคยมาเลยไม่รู้ต้องไปตรงใหน ทำอะไรบ้าง แต่ก็เข้าใจ เพราะมีคนไข้เยอะ เจ้าหน้าที่อาจดูแลไม่ทั่วถึง	4	chula
If remedy this Ystad car is very good.	ถ้าแก้ไขเรื่องที่ตอดรถได้จะดีมากๆ	3	chula
I was impressed with the service I was a nurse and a nursing assistant is very friendly it feels like it is with the suggestion that patients with heart really.	รู้สึกประทับใจกับการบริการหมอก็เก่งพยาบาลและผู้ช่วยพยาบาลเป็นกันเองมากคะ่รู้สึกชอบมากช่างสมกับคำพูดที่ว่าดูแลคนไข้ด้วยใจจริงๆค่ะ	5	chula
What really strikes surgery from October 2557 until March 29, 2558 Today the match 4-5, but indefinitely postponed. I do not mind each other. Wait all day from 7am. Until 5 pm, call to find a bed that filled it. But there is a special room Doctors abroad Accept this grueling hospital. Not each other strikes a match.	เซ็งมากเลยนัดมาผ่าตัดตั้งแต่ตุลาคม2557จนวันนี้29มีนาคม2558 นัดมา4-5รอบ แต่กับเลื่อนไปเรื่อยๆ ไม่เจ้าใจเลยจิงๆ มารอทั้งวันตั้งแต่7โมงเช้า จน5โมงเย็นเรียกไปพบกับบอกว่าเตียงเต็มบ้าง มีแต่ห้องพิเศษ หมอไปต่างประเทศ ทำใจค่ะเหนื่อยมากโรงบาลนี้ ไม่ไหวจิงๆนัดไม่เป็นนัด	1	chula
Only the building Navamin (Class 10), the page you are nursing, including housewives. Good service. Good care guide patient care _ .... this.	เฉพาะที่ตึกนวมินทร์(ชั้น10) เจ้าหนัาที่พยาบาลรวมทั้งแม่บ้าน. บริการดี.แนะนำคนไข้ดูแล_ห่วงใยดีค่ะ....้	3	chula
Kun doctors, nurses say anything good out of it. But it is up d. Unit (j) I made some bad habits much. I speak bad I know I'm not bitter. If things like this do not deserve to run the service here. Rather dark age, then you should speak little if any complaint he might have nowhere to go to get it. If updates have updated it (again, if you do a bad habit to ask for permission to form another good).	คุนหมอพยาบาลอะไรบริการดีพูดดีหมดค่ะ แต่มันมีพนง.หน่วยบริการ(ญ)บางคนนะคะทำนิสัยแย่มากค่ะ พูดจาก้อไม่ดี อยากทราบว่าชอบข่มหรอคะ ถ้าพูดจาแบบนี้ก้อไม่สมควรทำงานด้านบริการนะคะ ค่อนข้างมึอายุแล้วควรพูดจาดีๆหน่อยถ้าหากเขาร้องเรียนกันมากๆอาจจะไม่มีที่ไหนรับทำงานแล้วนะคะ ถ้าปรับปรุงได้ปรับปรุงนะคะ(หากไปอีกครั้งยังทำนิสัยไม่ดีอีกขออนุญาตลงรูปให้คนอื่นดีนะ)	3	chula
It stinks so much that the layer 3 to layer 2, layer 2 file to file your mother went downstairs to wait for 3 hours at the hospital will not close examination. Terrible management system	ห่วยแตกมาก รอแฟ้มชั้น 3 บอกแฟ้มมาชั้น 2 ชั้น 2 บอกแฟ้มมา ชั้นล่าง รอแม่งมา 3 ชม ละ จน รพ จะปิด ยังไม่ได้ตรวจ ระบบการจัดการแย่มาก	1	chula
Crops like public hospitals	โรงพยาบาลเพื้อประชาชน	4	chula
Thanks for the queuing system Hundreds of people waiting for a machine to open five and a half !!! Quick Fix my 2nd time in 3 months the same goals.	ขอบคุณสำหรับระบบบัตรคิว คนรอเป็นร้อยเครื่องเปิดตีห้าครึ่ง เพื่อ!!! แก้ไขด่วนคับ ครั้งที่2 ใน3เดือน เหมือนเดิมเป๊	3	chula
Bone marrow atrophy ailing father as a doctor in the city rushed to the. May. In Bangkok's selection process. May. This is because free treatment, but the treatment is very expensive bone marrow puncture 900000 baht but also secretly glad it's free. When relatives gathered to penetrate the bone marrow father was a doctor saying that the charges. Pay all the poor father now has no cure yet Aquatic no money.	พ่อป่วยเปนไขกระดูกฝ่อหมอในตัวจังหวัดส่งตัวเข้าร.พ.ในกรุงเทพเลยเลือกร.พ.นี้เพราะรักษาฟรีแต่ค่ารักษาเจาะไขกระดูกนั้นแพงมาก900000บาทเลยยังแอบดีใจที่มันฟรี แต่พอรวบรวมญาติที่จะมาเจาะไขกระดูกช่วยพ่อนั้นหมอกลับบอกว่าออกค่าใช้ จ่ายเองทั้งหมดสงสารพ่อตอนนี้ยังไม่ได้รักษาเลยเพาะไม่มีเงิน	1	chula
Good morning car train.	รถติดดีแล้วฝึกให้ตื่นเช้า	3	chula
I staff a hospital in Ratchaburi / Prof. Refer CU now at 13.20 hrs. Today's deputies received a call from a hospital in Ratchaburi say because I'm helping. Ironically, not to speak loudly They know you're very busy, refer to the documents submitted to it. Women who are 24 weeks pregnant with twins are: abdominal pain, abdominal solid urine polished bob help you get it. It helps with coordination would not be burdened too much.	ผมเป็นเจ้าหน้าที่ รพ.ราชบุรี /ศ.referจุฬาฯ ตอนเวลา 13.20 น.ของวันนี้ เจ้าหน้าที่ผู้หญิงที่รับสายจาก รพ.ราชบุรี ช่วยพูดเพราะๆหน่อยนะครับ ไม่ต้องพูดแดกดันเสียงดัง รู้พวกท่านกำลังยุ่งมาก เอกสารrefer ที่จะส่งไปมันเป็น ผู้หญิงที่ท้องได้ 24 สัปดาห์ + กับท้องแฝดด้วย มีท้องแข็ง ปัสสวะแสบขัด ลูกดิ้น พวกท่านช่วยรับได้มั้ย แล้วก็ช่วยประสานงานด้วยคงไม่ได้เป็นภาระมากมายนะครับ	1	chula
Hammock course reproaching me Bad habits should be returned to the people at home. Do not get used to one another. Do not use emotion rather than reason, it must be miserable like unto children Tanhgak pic ??	เวรเปลปากหมาค่ะ ควรเอานิสัยแย่ๆกลับไปใช้กับคนที่บ้านนะคะ อย่าเอามาใช้กับคนอื่น อย่าใช้อารมณ์มากกว่าเหตุผล มันทุเรศค่ะ แก่แล้วต้องให้เด็กถอนหงอกมั้ยคะ??	1	chula
You have been sent to hospital, the University Hospital of bamboo. I have examined And x-ray to check for liver cancer. The doctor who examined him told you not to use the card sent to investigate it fully and make an appointment. As of the date of inspection staff at the counter said that if the bill does not make you a mother and newcomers. The mothers have to starve to lose time. I went to sleep without anything. Please improve the hospital's services. And the system	คุณแม่ได้รับการส่งตัวมาที่โรงพยาบาลจุฬาจากโรงพยาบาลบางไผ่ ได้มีการนัดตรวจ และเอ็กซเรย์ตับเพื่อตรวจหามะเร็ง คุณหมอท่านที่ตรวจบอกคุณแม่ว่าไม่ต้องใช้ใบส่งตัวให้มาตรวจได้เลยและนัดวันเสร็จสรรพ พอถึงวันนัดตรวจพนักงานที่เคาน์เตอร์บอกว่าถ้าไม่มีใบส่งตัวจะไม่ตรวจให้และให้คุณแม่มาใหม่ สรุปคุณแม่ต้องอดอาหารเสียเวลา อดหลับอดนอนไปรอโดยไม่ได้อะไร ขอความกรุณาทางโรงพยาบาลปรับปรุงเรื่องการบริการ และระบบการทำงาน	1	chula
The elders sit and wait for the doors to open. Doors open at 6 o'clock in the morning when everyone is rushing to get to an appointment card slot, but not the one that does not have to be a card is already inserted into the match. Want to know what's going to sit and wait for 5am. A relative of the patient, it does not run. Adult hospitals try to look at 6 o'clock in the morning that he's not running away like a dead run to the 5555 really good card slot.	ผู้เฒ่าผู้แก่มานั่งรอประตูเปิดเวลา 6โมงเช้าพอประตูเปิดทุกคนวิ่งเพียงเพื่อเอาบัตรที่นัดไปเสียบแต่ไม่ใช่ที่1กับเป็นที่เท่าไรไม่รู้มีบัตรนัดเสียบอยู่แล้วเป็นสิบ. อยากทราบเกิดอะไรขึ้นมานั่งรอตี5 เป็นญาติคนไข้ค่ะแก่วิ่งไม่ได้ ผู้ใหญ่ของโรงบาลลองไปดูตอน6โมงเช้าซิค่ะว่าเค้าวิ่งเหมือนหนีตายกันจริงๆ5555วิ่งไปเสียบบัตรค่ะ	4	chula
Nurses say it a lot.. The doctor explained the simple eloquence the patient is also encouraged.	พยาบาลพูดเพราะมากเลยครับ..หมอก็พูดจาไพเราะอธิบายเข้าใจง่ายตนป่วยอยู่ใกล้ก็มีกำลังใจ	5	chula
Take children to hospital since May 4 and 47, then the doctor said. He will stay with us for up to 3 weeks to feel gloomy, exhausted doctor answered that I fight, I fight, I know I have the money in one lump. I raised my children to the doctor. From that day until today My children still strong Use the helmet properly. End of next year. Bachelor's of Science ago. I tell everyone that my patience. The doctor here was very good Advanced medical equipment not private enough. The treatment is much cheaper and more assistance. Problems were found in all the patient's relatives arrived here, we were treated to the good.	พาลูกมารักษาตัวตั้งแต่ 4 พย 47 ตอนนั้นหมอบอกว่า เขาจะอยู่กับเราได้อีกไม่เกิน 3 อาทิตย์ รู้สึกมืดมนไปหมด ตอบหมอไปว่า ผมสู้ ลูกผมก้อสู้ ผมมีเงินเก็บอยู่ก้อนหนึ่ง ผมยกลูกให้คุณหมอเลยครับ จากวันนั้นจนถึงวันนี้ ลูกผมยังแข็งแรง ใช้ขีวิตได้อย่างปกติ ปีหน้าจบป.ตรีที่เกษตรศาสตร์ฯแล้ว อยากบอกทุกคนว่าอดทนหน่อยครับ หมอที่นี่เก่งมากๆ เครื่องมือแพทย์ทันสมัยไม่แพ้เอกชนหรอกครับ ค่ารักษาถูกกว่ามากและมีการช่วยเหลือด้านอื่นๆอีก ปัญหาเรื่องคน พบอยู่ทุกที่ ใจเย็นๆครับ มาถึงที่นี่แล้วญาติเราได้รับการรักษาที่ดีแน่ๆ.	4	chula
Very poor staff quality. Should improve greatly Doctors should check The nurse that the patient is made to it. But do not extend the building	แย่มากกก บุคคลากรไม่มีคุณภาพ ควรพัฒนาอย่างมาก ควรมาตรวจสอบหมอ กับพยาบาลว่าการกระทำที่ทำกับคนไข้เป็นยังไง ไม่ใช่สนใจแต่ขยายอาคาร	1	chula
Good but parking a little bit.	ดีคะ แต่ที่จอดรถน้อยไปนิด	5	chula
Canon's excellent	สาธุดีเยี่ยมครับ	5	chula
Make a detailed step by step there. Officials also eloquence than before, but I have to say it very short queues. But after returning home It's usually a giveaway fever, cold and cough or sneeze on my back.	ตรวจละเอียดเป็นขั้นเป็นตอนดีค่ะ เจ้าหน้าที่ก็พูดจาไพเราะขึ้นกว่าเมื่อก่อน แต่เวลานัด มีคิวลัดเยอะไปนิดนะคะ พอหลังจากกลับบ้าน ก็มักมีของแถม คือไข้ หรือหวัด และไอจาม ตามกลับด้วยอ่ะ	4	chula
I was hospitalized a good one, but I've never had a mother and brother came to stay in the government. Doctors and nurses Al Taya Northridge great. This is the opinion of the Provinces, too.	ฉันว่าเป็นโรงพยาบาลดีระดับหนึงเท่าเคยผ่านมาแต่ยังไม่เคยใช้บริการเคยมาเฝ้าคุณแม่และพี่เขยนอนโรงบาล คุณหมอและพยาบาลอัทยาสัยดีมาก นี้คือความคิดเห็นของคน ต จ ว ค่ะ	4	chula
I feel bad	รู้สึก แย่ ค่ะ	1	chula
When emergency caesarean sections. The past my room on the 5th floor I felt very wrong decision to choose the delivery of nursing care at the top 5 bad things really. Nursing a child is not good at all flattering. Either we deliver it through the use of cash 17,800. We operate a very ancient vertical incision not pretty enough to return home building without telling the taxi. The. Police said he went out to the car itself is a very long walk.	ผ่าคลอดฉุกเฉินเมื่อต.คที่ผ่านมาค่ะพักห้องธรรมดาชั้น5รู้สึกตัดสินใจผิดมากที่เลือกคลอดที่นี่การดูแลของพยาบาลชั้น5แย่มากๆหลายๆอย่างเลยจริงๆ พยาบาลห้องเด็กก็พูดจาไม่ดีเลย ทั้งที่เราคลอดก็ใช้เงินสดค่าผ่า17,800 แถมผ่าแนวตั้งอีกโบราณมากแผลไม่สวยเลยพอวันกลับบ้านหน้าตึกไม่มีแท็กซี่บอกร.ป.ภเขาก็บอกให้เดินออกไปเรียกรถเองคือเดินไกลมากๆ	2	chula
The ideal of a peaceful preserve it.	สถานที่เงีนบสงบน่าอนุรักษ์ไว้ค่ะ	5	chula
Building third floor bathroom Ppr very smelly paper, please do not update it.	ห้องน้ำตึกภปรชั้นสามเหม็นมากกระดาษก็ไม่มีกรุณปรับปรุงด้วยค่ะ	1	chula
Has never been The journey is not easy But watch the 100th Anniversary Chulalongkorn Hospital. Were aware of the clinical development and medical supplies. Very stylish	ยังไม่เคยรับบริการ เนื่องจากการเดินทางไม่สะดวก แต่ได้ชมรายการครบรอบ 100 ปี โรงพยาบาลจุฬาลงกรณ์ ได้รับทราบถึงการพัฒนาทางการแพทย์และอุปกรณ์การแพทย์ ที่ทันสมัยมาก	5	chula
I was very impressed yet very good, both professors, doctors, and medical treatment is very patient as I follow the call and ask the patient to thank teachers, doctors and medical people do not treat the husband of Noah came over here for. there is the treatment of leukemia. Chulalongkorn up here.	รู้สึกประทับใจมากๆๆๆๆดีมากค่ะทั้งอาจารย์หมอและคุณหมอรักษาดีมากค่ะดูแลคนไข้ตลอดนัดติดตามตลอดและโทรถามคนไข้ขอขอบคุณอาจารย์หมอและคุณหมอทุกๆคนค่ะที่ได้รักษาสามีของนู๋มาตลอดค่ะสามีรักษาโรคมะเร็งเม็ดเลือดขาวอยู่ที่ร.พจุฬาลงกรณ์ค่ะ	5	chula
The hospitals that treat myself on the nest cancer.. Maintain very good care of us, from nurses to doctors who examined the body analysis diagnosis of the disease more accurately and begin treatment. Until today, I lost. Thanks ill person who treated everyone thank you from my heart, my name. MR. theoretical. the trick ghost. "" Allow shared or posted for others to acknowledge it. ' "	เป็นโรงพยาบาลที่รักษาตัวผมเองเมื่อครังป่วยเป็นมะเร็ง..รักษาดีมากๆครับดูแลเอาใจใส่เราตั่งแต่พยาบาลจนถึงหมอผู้ตรวจร่างกายวิเคราะห์วินิจฉัยทางของโรคได้แม่นมากและลงมือรักษา.จนกระทั้งทุกวันนี้ผมหายป่วยแล้วครับขอบคุณเจ้าหน้าที่ผู้ทำการรักษาทุกๆทานครับขอบคุณจากใจจริงชื่อของผม.นาย.ทฤษฎี.สาริกภูติ ""อนุญาตให้แชร์หรือโพสให้ผู้อื่นรับทราบได้ครับ""	5	chula
You can excel and The HOMERegisterInstructions good kind, too.	คุณหมอทุกท่านเก่งและ ให้คำเเนะนำดีค่ะ ใจดีด้วย	4	chula
Today, a doctor at the hospital. The system works very good. I waited from 7 am to 10 pm, asked the nurses file no. Files subjected to sixth grade The top six on file was not sent. Came downstairs into the history file. Just sent the first floor, at 9.45. But it does take a full month, and appointment cards, time 7:30 to 8:30 pm. But the card sent 9.45 This work is not that of Ceaa asked my mother. I asked the nurse said I was terrible. 6th Floor, Building E staff speak an awful lot. If people speak of this terrible mental patients, poor me. Training staff to help bring about the little things like a patient there.	วันนี้มาหาหมอที่โรงพยาบาล ระบบการทำงานแย่มากเลยค่ะ มานั่งรอตั้งแต่7โมงถึง10โมง ถามพยาบาล พยาบาลบอกไม่มีแฟ้ม แฟ้มยู่ชั้นหก มาชั้นหกบแกแฟ้มยังไม่ส่งมา ลงมาถามแฟ้มประวัติชั้นล่าง ชั้นล่างบอกพึ่งส่งแฟ้มมาตอน9.45 แต่บัตรนำทำนัดมาเป็นเดือนและในบัตรนัดบอกเวลา7.30-8.30น แต่แฟ้มบัตรส่งมา9.45 นี้ทำงานเป็นระบไมค่ะะถามหน่อยค่ะ แล้วถามพยาบาลก็พูดจ้าแย่มาก พนักงานชั้น6ตึก ภปร พูดจาแย่มากค่ะ ถ้ามีพนักงานพูดจาแย่ขนาดนี้จิตใจคนไข้แย่นะค่ะ ช่วยพาพนักงานไปอบรมหน่อยนะค่ะเรื่องการพูดจากะคนไข้อ่ะค่ะ	1	chula
I asked my father's fever down. Here you have your mother told you callous, it's just a blanket blanket and then drain the fever is not obtrusive unfavorably. It's a dog chasing a pig. I Indust request carefully. This works well Waiting for them was a relative you do it. Do not take that to your mother I run because I'm going to take down the likes. I'm just sick to death of it, do not take me coming here. With professional help, but it's tough heel relief to know who did it.	พ่อกูเป็นไข้หนาวเค้าขอผ้าห่ม พวกมึงนี่แม่งใจดำ ก็แค่ผ้าห่ม มึงบอกห่มผ้าแล้วไข้จะไม่ระบายแล้วเสือกทำท่าไม่พอใจ ไล่กูอย่างกะหมูกะหมา กูอุตส่าขอดีๆนะ ทำงานกันแบบนี้ รอให้เป็นญาติพวกมึงบ้างแล้วกัน ถึงว่าแม่งห้ามถ่ายรูป เพราะทำงานงี้ไงเค้าถึงถ่ายไปลงยูไลค์ กูป่วยตายแค่ใหนก็อย่าพากูมาที่นี่นะ มีวิชาชีพช่วยคนแต่เสือกกวนส้นตีน ขอระบายหน่อย ใครเคยมาคงรู้	1	chula
Because it's now a very good improvement.	สุดยอดเลยค่ะ เพราะเรื่องบริการที่ต้อนนี้ปรับปรุงดีมากค่ะ	5	chula
Like the staff here very patiently, calmly worthy of a man of the people, really.. Me.	ชอบบุคลากรที่นี่มาก อดทน ใจเย็น สมกับเป็นคนของประชาชนจริงๆ..นะคะ	5	chula
Building global health security. On July 23 at age 58, women have very little bad father in wheelchair lifts. I told him to wait for permission to ban face-lift, 3rd floor, it turns out that it is not enough to wait for the trolley father disappeared. Living together in a multi-layer It turns out that I left them 1 What is it !!!	เจ้าหน้าที่ดูแลตึก ภปร. วันที่ 23 กค 58 ผู้หญิง ที่อายุเยอะๆหน่อย แย่มากค่ะ เข็นรถคุณพ่อไปในลิฟท์ แล้วบอกญาตห้ามเข้าให้ไปรอหน้าลิฟท์ชั้น 3 ปรากฎว่าพอไปรอ ไม่มีค่ะ รถเข็นคุณพ่อหาย วิ่งหากันอยู่หลายชั้น ปรากฎว่าโดนเอาไปทิ้งไว้ชั้น 1 คืออะไรคะ!!!	1	chula
Professor Dr. Tana Pong Smart and very excellent (special clinics will ษou karma).	อาจารย์หมอธนาพงษ์ เก่งและยอดเยี่ยมมากมากค่ะ (คลินิกพิเศษ จักษูุกรรม)	5	chula
Rallied to wait that long. But it's okay, I like flame. Medicine and Rehabilitation Sub understand the patient really tired.	ทำใจไปแล้วว่าต้องรอนาน แต่ไม่เป็นไรค่ะถูกใจหมอชาลา แผนกเวชศาสตร์ฟี้นฟูเข้าใจคนไข้ดีจริงๆ หายเหนื่อย	5	chula
Very disease-specific good.	ดีมาก แยกโรคเฉพาะทางดีครับ	5	chula
I was exposed to the impression at one time gave birth to a daughter. But like the staff was gone.	เคยได้สัมผัสกับการประทับใจอยู่ ช่วงหนึ่ง ครั้งที่ลูกสาวไปคลอด แต่ลืมหน้าตาเจ้าหน้าที่คนนั้นไป แล้ว	3	chula
This patient was hospitalized for more than 30 years. Grateful to the staff and all sectors. You must be patient because it is high time steps.	เป็นคนไข้โรงพยาบาลนี้มานาน30กว่าปี รู้สึกขอบคุณสถานที่และบุคลากรทุกภาคส่วน ถึงแม้จะต้องอดทนรอสูงทุกครั้งเพราะเป็นขั้นตอน	3	chula
Trust services for more than 20 years, but the bloody encounter long queues waiting very long, especially the top four, but overall very good.	ไว้ใจใช้บริการมา20กว่าปีแล้วคะแต่การเจอะเลือดคิวยาวมากรอนานโดยเฉพาะชั้น4แต่โดยรวมดีมากคะ	5	chula
You do not	คุณหมอเก่งคะ	5	chula
Property or reputation Well, that is why the treatment did not matter much to maintain.	สถานที่หรือชื่อเสียง ดีอยู่แล้วแต่ทำไมการรักษาไม่ได้เรื่องเท่าไหร่ในการรักษา	2	chula
Excellent all doctors Hospital birth to a daughter who is very hard. I'm 28 years old. Daughter, now 14 years old then.	ดีเยี่ยม ทุกอย่างคุณหมอ พยาบาลน่ารักมาก ไปคลอดลูกสาว ที่ร.พ ตอนนั้นอายุ28ปี ตอนนี้ลูกสาวอายุ14แล้วค่ะ	5	chula
Like me, it's really good	ชอบค่ะ ของเค้าดีจริง	5	chula
Sucks Forum's management system, especially a history file. How do you get to the building inspector to 2 hours a queue of 10 people do not change the system.	ห่วยไงครับเรื่องระบบการบริหารงานโดยเฉพาะห้องแฟ้มประวัติ แค่จะทำเรื่องขอแฟ้มไปตึกที่ตรวจ ผ่านไป 2 ชั่วโมงเรียกคิวได้ 10 คน เปลี่ยนระบบเถอะครับ	1	chula
I do not want another mother recovered and healthy world no more.	ไม่อยากมาอีกนะแม่หายแล้ว แข็งแรงดี ไม่มีโลกอีกแล้ว	4	chula
10:30 appointment.'Ve 12:00. Ordered to X-rays at noon down to the X-ray room, shut up already. For tomorrow Coming from different time. Free travel Nothing Management is very good Doctor per hour, how many people do not know. It fits the patient's appointment to it. Allow patients to X-rays with me.	นัด 10:30 น. ได้ตรวจ 12:00 น. สั่งให้ไปเอ็กซเรย์ ตอนเที่ยง ลงไปถึง ห้องเอ็กซเรย์ปิดหมดแล้ว ให้มาใหม่พรุ่งนี้ เดินทางมาจากต่างจังหวัดเสียเวลา เสียค่าเดินทาง ไม่ได้อะไรเลย บริหารงานเป็นไหมอ่ะ หมอตรวจได้ชั่วโมงละกี่คนไม่รู้เหรอ รับนัดคนไข้ให้มันพอดีคนได้ไหม เผื่อเวลาให้คนไข้ไปเอ็กซเรย์ด้วยได้ไหม	1	chula
Tia had maintained that the care of very well.	เคยไปรักษาตัวทีานั่นเขสดูแลดีมากๆๆๆๆ	4	chula
The hospital is the worst ever seen nurses to not care about the rest.	เป็นโรงพยาบาลที่แย่ที่สุดเท่าที่เคยเจอมาพยาบาลไม่ใส่ใจอะไรเรย	1	chula
This required a trip to hospital ChulalongkornHospital I was bored.	คืนนี้ต้องเดินทางไปโรงพบาลจุฬาลงกรณ์ ครับ เบื่อก็ต้อง	1	chula
Provides solutions to infertility, I know I'm not interested. The cost is too great.	มีบริการการแก้หมันมั้ยคะพอดีสนใจอ่ะค่ะ ค่าใช้จ่ายแพงมั้ยคะ	3	chula
A little slow but it's ok	ช้าหน่อยแต่ก็okค่ะ	5	chula
Contact phone number for emergency medicine bag no answer to anything other then. Hotfix turbulent emergency cases to the hospital should have doctors and not the patients have to wait for the doctor. (The pain until it cries for forgiveness. Hospital doctors said the children did not know where to call, and then to wait before it) with good service. But there should be a doctor as well.	เวลาฉุกเฉินติดต่อที่เบอร์ข้างถุงยาไม่มีคน รับสาย กดอื่นๆอะไรก็แล้ว แก้ไขด่วนกรณีคนป่วนฉุกเฉินไปถึงโรงบาลควรมีหมอพร้อมไม่ใช่คนป่วยต้องรอหมอ (ลูกปวดท้องมากๆร้องไห้จนตัวง้อ พยาบาลบอกว่าหมอเด็กไม่รู้ไปไหน โทรตามแล้ว ไปตามแล้ว ให้รอก่อนคะ)การบริการดีพร้อม แต่ควรมีหมอพร้อมเช่นกัน	4	chula
Parking is expensive to keep my trap ... ????? ................	ที่จอดรถแพงอะ...แร้วเก็บเพื่อ?????................	4	chula
Very good	ดีมากครับ	5	chula
Asked to leave Basra cost me anything.	อยากถามว่าฝากท้องเสียค่าใช่จ่ายเท่ารัยคะ	5	chula
To improve my queue	ปรับปรุงการเรียกคิวหน่อย	1	chula
Some clinics have some officers insists Co. do understand that ourselves. Patients lot but this one expanded facility. Ppr. A restaurant, convenience	บางคลีนิคมีบ้างเจ้าหน้าที่อารมย์บ่จอยเข้าใจอะนะว่า คนไข้เยอะมากๆแต่เดียวนี้ขยายสถานที่.ภปร ให้มีร้านอาหารสะดวก	5	chula
But the doctor The card will then arrange to come early to submit a card to get treatment for a fast race against time.	การมาหาหมอแต่ครั้ง ถึงจะมีบัตรนัดแล้วก็ต้องมายื่นบัตรแต่เช้าเพื่อที่จะได้รับการรักษาที่รวดเร็วแข่งกับเวลา	4	chula
Take very good care delivery	คลอดน้องดูแลดีมาก	4	chula
Good service, good doctor, but waited long enough.	บริการดีคุณหมอเก่งแต่รอนานค่ะ	5	chula
To a hospital, the hospital did not like them. But now a lot of people, perhaps even Ladciw do not fret it.	ไปใช้บริการ รพ.ใหนก็ไม่ถูกใจเหมือน รพ.นี้เลย แต่คนเยอะมาก บางทีก็ลัดคิวกันเลยต้องหงุดหงิดเลยทีเดียว	5	chula
Thank you for sharing experience in case management Chulalongkorn Hospital will monitor the work of a pharmacist. Clinical part-time Saturday morning before noon the day do not know why. I believe that we need to see a doctor at Chulalongkorn Hospital every month, one thing we shot Saturday morning. The doctor check out 9:00 to 12:00 am. But whether we will see the doctor sooner or later I followed. We just returned home after a weekend every year for nearly two years. Is feeling very well. We went to see the doctor as soon as I'm back soon. Sometimes the pharmacist on duty every Saturday of every month, we used to go to the drug itself. Let us take up to 11 pills sometimes just saying that medication is not withdrawn. The doctor wrote a prescription is not the Ministry of Health to take to the doctor rewritten. Been there once we suffered because the pharmacist at the drug class 3 told us to find another doctor, then a new doctor we went to prescribe to the same doctor ourselves ridiculous, but it happens to us. speak out All the words to say because I do not know what I thought too, but give it a 3 because I was treated with great care so much for me.	ขอบคุณค่ะ อยากรีวิวแบ่งปันประสบการณ์เผื่อว่าผู้บริหารโรงพยาบาลจุฬาจะได้ตรวจสอบการทำงานของเภสัชกร คลินิกพิเศษนอกเวลา วันเสาร์ช่วงครึ่งวันเช้า ก่อนเที่ยง ไม่ทราบว่าเป็นเพราะเหตุใด เชื่อไหมว่าเราต้องไปพบแพทย์ที่โรงพยาบาลจุฬา ทุกเดือนหละ1 ครั้ง เรานัดวันเสาร์เช้า เพราะหมอออกตรวจ 9.00-12.00 น. แต่ไม่ว่าเราจะได้พบหมอเร็วหรือช้าก้อตาม เราก้อกลับบ้านหลังสุดทุกครั้งเป็นเวลาปีเกือบสองปีมาแล้ว เป็นความรู้สึกแย่มากๆๆๆ เราไปพบหมอเร็วก้ออยากได้กลับเร็ว ซึ่งบางครั้งเภสัชกรทุกวันเสาร์ของทุกเดือนที่อยู่เวรมาใช้ให้เราไปเดินใบยาเองด้วย ให้เราขึ้นไปเอายาชั้น 11 เอง บางครั้งก้อบอกว่ายาเบิกไม่ได้ หมอเขียนใบสั่งยาไม่ถูกระเบียบกระทรวงสาธารณสุขให้เราเอาไปให้หมอเขียนใหม่ เคยมีครั้งหนึ่งที่เราสุดทนเพราะเภสัชกรที่ห้องยาชั้น 3 บอกว่าให้เราไปพบหมออีกคนแล้วให้หมอคนใหม่ที่เราไปหาสั่งยาให้เหมือนกับหมอประจำตัวเรา ตลกสิ้นดี แต่ตอนเกิดเรื่องขึ้นเราพูดไม่ออกเลย หมดคำพูดที่จะพูดเพราะไม่รู้ว่าใช้อะไรยังไงคิด งงมากเลยค่ะ แต่ที่ให้คะแนนถึง 3 ก้อเพราะว่าหมอที่รักษาอยู่ด้วยดูแลรักษาดีมากๆๆๆๆๆค่ะ	3	chula
Like many aspects of caring for each class here. This hospital patients equality here.	ดิฉันชอบมากๆทุกๆด้านของการเอาใจใสทุกๆชนชั้นค่ะ.โรงพยาบาลนี้รักษาคนไข้เสมอภาคค่ะ	4	chula
excellent	ดีมาก	5	chula
It's good fortune But it was like a lottery system is the system crashes, the patient does not have the drugs back home. Floor employees with the Social Security building global security. It's like emotional facial spasms.	หมอดูเเลดีมาก เเต่ระบบห่วยเเตกอย่างเช่นวันนี้ระบบคอมล่มสิทธิไม่ขึ้นคนไข้ไม่ได้ยากลับบ้าน พนักงานชั้นล่างช่องประกันสังคมตึกภปร.ก็ชอบใส่อารมณ์ชักสีหน้า	2	chula
It does not ...... .... clinic offers convenient, affordable ..... as you think it is hard for everyone, and ease of use. Unwanted congestion on normally .....	หมอเก่ง......ค่ะ....คลินิคพิเศษ สะดวกดี ไม่แพงอย่างที่คิด.....เป็นค่าขยันของทุกคน และ สะดวกของผู้ใช้บริการ ที่ไม่ต้องการความแออัดในวันปกติ.....	3	chula
Service stunk and much more. To press the cue cards Finally, sit back and wait for hours before check # worse.	บริการห่วยแตกมากและมากสุดๆ ให้ไปกดบัตรคิว นั่งรอเป็นชั่วโมงสุดท้ายบอกตรวจไม่ทัน #แย่	1	chula
A claim	นานเกิ๊น	1	chula
Antenatal care at this hospital and the nursing staff includes two physicians. Service and care is very good.	ฝากครรภ์ที่โรงพยาบาลนี้ทั้ง 2 ท้อง เจ้าหน้าที่ พยาบาล รวมถึงแพทย์เจ้าของไข้ ให้บริการและดูแลเป็นอย่างดีค่ะ	5	chula
That will postpone the need to Nilsson.	อยากทราบว่าจะทำการเลื่อนนัดต้องติดต่อที่ใหนค๊	4	chula
Service was very good but a lot of patients, nursing staff and conscientious people. Instead, see Thank you Dr. Surin Atsawa Witoon nectar To treat all It is fortunate that our family has been keeping up with your doctor. I respectfully thank	ได้รับบริการที่ดีมาก คนไข้เยอะมาก แต่พยาบาลและเจ้าหน้าที่ขยันขันแข็งทุกคน เห็นแล้วเหนื่อยแทน ขอบคุณคุณหมอสุรินทร์ อัศววิฑูรทิพย์ ที่ให้การรักษามาตลอด เป็นความโชคดีของครอบครัวเราที่ได้รักษากับคุณหมอ กราบขอบพระคุณค่ะ	5	chula