0	score	hospital
"บริการค่อยข้างดีค่ะ แต่รอคิวนานนิดหน่อย แต่วินิจฉัยผลแม่นยำ เจ็บป่วยไปรพ. จุฬาทีไร หายทุกครั้งค่ะ แถมราคาไม่แพงด้วยค่ะ เหมาะกับเด็กต่างจังหวัดที่เข้ามาอาศัยในกรุงเทพได้มากเลยค่ะ ตอนแรกหนูก็กังวลว่าจะแพง
อาหารที่จำหน่ายก็อนามัยมากค่ะ มีปริมาณและจำนวนแคลอรี่บอกด้วย รสชาติค่อนข้างดีค่ะ ไม่จัดจ้านจนเกินไป แอร์หนาวมาก55555555555"	5	Chula
ได้มีอาการอาหารเป็นพิษและเข้าทำการรักษาที่โรงพยาบาบแห่งนี้ ทางคุณหมอแลัพยาบาลดูแลดีมาก พร้อมกับแนะนำการรักษาเบื้องต้น โดยที่ทางผมนั้นได้ปฏิบัติตามคำแนะนำของคุณหมอแบะทานยาควบคู่กับที่คุณหมอได้แจ้งไว้ ใช้เวลาไม่ถึง 2 วัน อาการอาหารเป็นพิษก็หายเป็นปลิดทิ้ง ต้องขอบคุณทางโรงพยาบาลที่ช่วยดูแลมากแบบนี้ครับ	5	Chula
มีบริการดีในระดับนึงเลยครับ เรยไปอยู่หลายครั้ง ประทับใจทุกครั้งครับ พอถึงคิวตรวจ เข้าไปคุยกับคุณหมอ ตอนแรกก็ไม่รู้อาการว่าตัวเองเป็นโรคอะไรเพราะปกติจะมีอาการแบบโรคกระเพาะมักจะนึกว่าตนเองเป็นโรคกระเพาะตลอด พอมาตรวจกับคุณหมอจึงรู้เลยว่าตัวเองเป็นโรคเกี่ยวกับลำไส้ คุณหมอเก่งมากรักษาถูกจุด อาการก็ดีขึ้นเรื่อยๆ	5	Chula
สำหรับโรงพยาบาลจุฬาลงกรณ์ บริการดีมากค่ะ ฝากท้องและคลอดที่นี่ รวมถึงการคุมกำเนิด ประทับใจตั้งแต่เริ่มฝากท้อง บุคลากรทุกท่านให้ความใส่ใจคุณแม่ทุกท่านดีมากค่ะ นักศึกษาแพทย์ รวมถึงนางพยาบาล ใจดีมากค่ะ น่ารักทุกคน ถ้ามีคนที่สองฝากที่นี่เหมือนเดิมค่ะ ขอให้ทาง รพ.รักษาภาพลักษณ์ที่ดีตลอดไปเพื่อคนไข้ทุกคน ขอบคุณค่ะ	5	Chula
ตรวจดีๆมากๆนะ คุณหมอให้คะแนำนะวินิจฉัย​ดีมากๆ เพราะตรวจสุขภาพเป็นสิ่งที่จำเป็นและคสรระวัง เพราะบางโรคมักมาโดยไม่รู้ตัว เคยแนะนำให้เพืือนไปตรวจที่โรงพยาบาบนี้เหมือนกะน เพื่อนก็โอเคด้วย เพราะบริการ ดีเ็นระบบ เรียบร้อย เลยอยากมารีวิวเพื่อให้ทุกคนไปใข้บริการและเป็นส่วนนึวของการตัดสินใจในการรักษาและดูแลสุขภาะของตัวเราเอง	5	Chula
ตรวจดีมากๆค่ะคุณหมอละเอียด พยาบาลก็ดีดูแลคนไข้ดีค่ะใกล้บ้านไปง่ายกลับง่ายสะดวกมากๆเลยค่ะ รับยาก็ไม่นานมากพอรอไหวไปตรวจภายในมา บอกละเอียดหมดเลยค่ะชอบมากอยากไปตรวจทุกปี บอกตั้งแต่หัวจรดเท้าเลย ภายในเราเป็นยังไงบ้างละเอียดมากค่ะอยากให้ทุกคนลองไปใช้บริการโรงพยาบาลจุฬาลงกรณ์ดูนะคะ เพื่อเป็นประโยชน์ของทุกคน ดีมากจริงๆค่ะแนะนำเลย	4	Chula
บิรการดีในระดับนึงเลยครับ เรยไปอยู่หลายครั้ง ประทับใจทุกครั้งครับ พอถึงคิวตรวจ เข้าไปคุยกับคุณหมอ ตอนแรกก็ไม่รู้อาการว่าตัวเองเป็นโรคอะไรเพราะปกติจะมีอาการแบบโรคกระเพาะมักจะนึกว่าตนเองเป็นโรคกระเพาะตลอด พอมาตรวจกับคุณหมอจึงรู้เลยว่าตัวเองเป็นโรคเกี่ยวกับลำไส้ คุณหมอเก่งมากรักษาถูกจุด อาการก็ดีขึ้นเรื่อยๆ	4	Chula
มีโอกาสได้ไปหาหมอที่โรงพยาบาลจุฬาลงกรณ์ค่ะ คุณหมอเก่งมีประสบการณ์ มีความเชี่ยวชาญ สงสัยอะไรสอบถามคุณหมอได้หมดค่ะ มีการบริการที่ดี ใส่ใจผู้ป่วย ลดความเครียดและตระหนกได้เป็นอย่างดี แต่คิวยาวมากเช่นเดียวกันค่ะ ต้องรอระยะนึง เนื่องจากไม่ได้เป็นหนักมาก หรือฉุกเฉิน โดยรวมถือว่าโอเค ได้รับข้อมูลที่ต้องการ	4	Chula
ตรวจดีมากๆค่ะคุณหมอละเอียด พยาบาลก็ดีดูแลคนไข้ดีค่ะใกล้บ้านไปง่ายกลับง่ายสะดวกมากๆเลยค่ะ รับยาก็ไม่นานมากพอรอไหวไปตรวจภายในมา บอกละเอียดหมดเลยค่ะชอบมากอยากไปตรวจทุกปี บอกตั้งแต่หัวจรดเท้าเลย ภายในเราเป็นยังไงบ้างละเอียดมากค่ะอยากให้ทุกคนลองไปใช้บริการโรงพยาบาลจุฬาลงกรณ์ดูนะคะ เพื่อเป็นประโยชน์ของทุกคน ดีมากจริงๆค่ะแนะนำเลย	5	Chula
ไปฝังยาคุมที่โรงพยาบาลจุฬามาค่ะเดินทางสะดวกอยู่ติดbtsและmrt บริการรวดเร็วมีความเป็นกันเองมากค่ะสำหรับบุคคลที่อายุไม่เกิน20ปีฝังฟรีค่ะจ่ายแค่ค่าตรวจภายใน300บาท นักศึกษามาจากต่างจังหวัดก็สามารถฝังได้ค่ะสามารถปรึกษานักสังคมสงเคราะห์ที่แผนกสุตินรีเวชได้ค่ะแต่ถ้าไม่เคยทำบัตรควรมารอคิวตั้งแต่เช้าเพราะใช้เวลาทำค่อนข้างนานค่ะ	5	Chula
"ที่โรงพยาบาลจุฬาฯรู้สึกประทับใจจากเจ้าหน้าที่เวชระเบียน พี่พยาบาล และคุณหมอ ดูแลดีมาก บริการเป็นกันเอง ใจดี ให้คำแนะนำช่วยเหลืออย่างดี ประทับใจมาก
บริเวณสถานที่สะอาด น่าอยู่ค่ะฮ่าๆ คุณหมอมือเบาดีค่ะ.เวลาฉีดยา ไม่ค่อยรู้สึกเจ็บเท่าไหร่ ได้ยามาเยอะมากเหมือนกัน เภสัชเขาแนะนำการกินยาที่ถูกต้อง คนเยอะไปหน่อย แต่บริการประทับใจ พยาบาลอาจมีดุบ้าง แต่เขาทำตามหน้าที่ เข้าใจค่ะ ฮ่าๆๆ"	5	Chula
พอดีพาคุณแม่มาตรวจสุขภาพประจำปี ในการตรวจแต่ละแผนก ทั้งเจาะเลือด เอ็กซเรย์ รอคิวไม่นาน เจ้าหน้าที่ทำงานอย่างเป็นระบบ ส่วนการเดินทางมาโรงพยาบาลก็ง่าย เดินทางสะดวก อยู่ใกล้ทั้ง รถไฟฟ้า และ รถไฟฟ้าใต้ดิน ลงจากรถไฟฟ้า สถานีศาลาแดง ก็มีทางเชื่อมมาถึงตึก ภปร.เลย แต่ถ้ามารถยนต์ส่วนตัว อาจจะลำบากไปนิดหน่อยเพราะรถติด ส่วนการบริการเจ้าหน้าที่และแพทย์ พูดจาดี อัธยาศัยดี ทั้งเจ้าหน้าที่ในห้องลงทะเบียน ก็มีอัธยาศัยดี ไม่มีหงุดหงิดอารมณ์เสียใส่เลย ประทับใจมากค่ะ	4	Chula
โรงพยาบาลมีเครื่องมือครบครัน สะดวกสบาย มีการจัดคิวได้รวดเร็ว ผมเป็นคนไข้ที่โรงพยาบาลระยองส่งตัวมารักษาโดยใช้สิทธิ 30 บาทในการรักษา ทางโรงพยาบาลได้มีการรักษาอย่างดี และพยาบาลดูแลดีทุกคน มีการชี้แนะนำขั้นตอน เพราะผมไปเป็นคนไข้ใหม่ ซึ่งไม่รู้ขั้นตอนอะไรเรย ทางพยาบาลก็แนะนำอย่างดี การเข้าคิวหาหมอตอนแรกนึกว่าจะช้าอย่างที่เคยไป แต่เข้าหาหมอได้ไวมาก	4	Chula
อยู่ตนงข้ามสวนลุมพินี มารถไฟฟ้าหรือรถเมล์ก็สะดวกดี ส่วนตัวเคยไปใช้บริการตรวจสุขภาพไปต่างประเทศเมื่อหลายปีก่อน เจ้าหน้าที่ พยาบาล หมอ ทุกคนพูดจาดี บริการดี แต่ตอนลงทะเบียนผู้ป่วยใหม่ จะงงๆนิดหน่อย คนไข้เยอะ ต้องบริการตนเองเป็นส่วนใหญ่ รอคิวตรวจค่อนข้างนาน ปัจจุบันไม่แน่ใจว่ามีการปรับปรุงเปลี่ยนแปลงบ้างหรือยัง	3	Chula
มีโอกาศได้เข้ารับการรักษาที่โรงพยาบาลจุฬาลงกรณ์ สภากาชาดไทย โดยได้เข้ารับการตรวจเเผนกหู คอ จมูก ทั่วไปกับอาจารย์เเพทย์ ประทับใจทุกขั้นตอนการให้บริการของโรงพยาบาลจุฬาลงกรณ์ เเพทย์ พยาบาล อาสาสมัคร เจ้าหน้าที่ประชาสัมพันธ์ พร้อมให้คำเเนะนำ สอบถามข้อสัย เเม้จะเป้นคลินิกนอกเวลาราชการผู้ป่วยก้ต้องเข้าคิวรอเป็นจำนวนมาก การเดินทางสะดวกทั้งรถเมย์ประจำทาง รถไฟฟ้าbts สังกัดโรงพยาบาลรัฐ บริการดีเหมือนเอกชน	5	Chula
ได้มีโอกาสไปพบหมอมา 2 คลินิก คือ คลินิกผิวหนัง กับคลินิกนารีเวช ประทับใจทุกขั้นตอนการบริการของบุคลากรที่นี่มากๆค่ะ ไม่ว่าจะถาม หรือสงสัย ในส่วนใหน บุคลากรทุกท่านตอบด้วยความเต็มใจ ยิ้มแย้ม ยิ่งหมอนี่ประทับใจมาก ตรวจละเอียด ถามจนกว่าจะแน่ใจว่าคนไข้เป็นอะไรมา ไม่ใช่ถามแบบรีบถามรีบสรุป เหมือนหลายๆโรงพยาบาลที่เคยไปมา คือเข้าพบหมอประมาณเกือบๆครึ่งชั่วโมงเลยค่ะ นั่งซักถามอาการของเราอย่างละเอียด เพิ่งจะเคยเจอที่นี่แหละค่ะ ที่หมอคุยกับคนไข้นานๆ เจอที่ รพ.ประจำที่เคยไป 5 นาที ออกละ หมอรีบไปใหน	5	Chula
"รักษาหลายโรคมากที่นี่ แำทย์ให้เวลากับคนไข้ เก่งและมีความสามารถมาก
แต่คนไข้เยอะมากๆๆทำให้ต้องรอนาน แม้แต่คลินิกพิเศษก็ยังคนเยอะ
แต่คุณหมอพูดดี เอาใจใส่ดี ให้ความสำคัญในการรักษา พยาบาลก็เช่นกัน
 เรารักษาที่นี่มาโดยตลอด ราคาก็ไม่ได้แพงขนาดรับไม่ได้ แลกกับยาและการรักษาที่ได้รับ แต่อยากให้จัดระบบให้รวดเร็วกว่านี้ค่ะ"	4	Chula
มีระบบการจองคิวที่ดีค่ะ พยาบาลจะคอยแนะนำ ในครั้งแรกที่ไปทำประวัติ และแนะนำให้ไปคลินิคธรรมดาหากไม่ต้องการเสียค่าพบหมอแพง และคุณหมอพูดดีมากๆค่ะ ใจดี การให้บริการระหว่างรอคิวดี แต่อาจจะต้องรอคิวนานหน่อยควรไปตั้งแต่ตีห้าครึ่งเพื่อที่จะได้รับคิวและเพื่อให้ทันในการพบหมอ และคุณพยาบาลที่ทำการเรียกคิวมีการแนะนำว่าหากไม่ต้องการรอคิวนาน ให้ไปทำเรื่องที่ห้องฉุกเฉิน สำหรับผู้ที่ไม่สบาย ปวดหัวตัวร้อน ที่ไม่ต้องการรอคิวนาน	4	Chula
รพ. มีระบบการจองคิว และจัดระเบียนคนไข้ดีมาก ฝากครรภ์กับ รพ.จุฬา คุณหมอใส่ใจและ ให้ข้อมมูลการดูแลรักษาและการตรวจฝากครรภ์ ที่เป็นประโชยน์ กับคนไข้ เข้าใจง่าย ทำให้คนไข้มีทางเลือกในการเข้ารับการรักษาและดูแลลูกน้อยอย่างเข้าใจและถูกต้อง เลือกไม่ผิดที่ไว้ใจและฝากลูกน้อยไว้กับการคลอดที่โรงพยาบาลนี้ คุณแม่ท่านใด กำลังคิดจะฝากท้องและคลอดแนะนำที่ รพ.จุฬเลยค่ะ มีทั้งแบบฝากวันธรรมดา และช่วงเลาเย็นหลังเลิกงาน หรือสามารถมาฝากครรภ์ในวันเสาร์อาทิตย์ได้ด้วยค่ะ	4	Chula
"ประทับใจหมอและพยาบาลพูดจาดี รู้สึกไม่เหมือนกับโรงพยาบาลรัฐบาลที่อื่น นอกจากคุณหมอจะเก่งและมีความเชี่ยวชาญแล้วยังมีคุณสมบัติอื่นๆที่ดีและน่าประทับใจ คิดไม่ผิดเลยค่ะที่เลือกมาใช้บริการที่นี่
ประทับใจหมอและพยาบาลพูดจาดี รู้สึกไม่เหมือนกับโรงพยาบาลรัฐบาลที่อื่น นอกจากคุณหมอจะเก่งและมีความเชี่ยวชาญแล้วยังมีคุณสมบัติอื่นๆที่ดีและน่าประทับใจ คิดไม่ผิดเลยค่ะที่เลือกมาใช้บริการที่นี่"	5	Chula
คุณหมอที่นี่เก่งมากค่ะ ผ่าตัดไตคุณพ่อออกทั้งสองข้าง มีความชำนาญมาก ซึ่งปกติแล้วเคสของคุณพ่อจะยากมากๆ แต่คุณหมอก็ทำได้สำเร็จ พยาบาลก็ดีค่ะ แต่บางคนก็พูดจาห้วน ตะโกนใส่พ่อเราบ้าง คือตอนนั้นแกเหมือนจะเมายามอร์ฟีน แกก็ตอบไม่ค่อยรู้เรื่อง ก็น่าจะพูดจากับแกดีๆหน่อย ติตรงนี้ที่เดียวค่ะ เรื่องพยาบาลบางคน นอกนั้นดีค่ะ ตึกพยาบาลก็ใหม่ สะอาด และสะดวกดีค่ะ	5	Chula
โรงพยาบาลจุฬาฯคือสุดยอดผู้เชี่ยวชาญในเรื่องโรคหัวใจ เด็กเล็กเด็กอ่อนแค่ไหนก็สามารถผ่าตัดช่วยได้ ขอบคุณที่ช่วยชีวิตลูกชาย ให้เราได้ลูกชายที่แข็งแรงกลับมา ขอบคุณจากใจค่ะ	5	Chula
ไปหาหมอแล้วเจอเจ้าหน้าที่บริการดีรุ้สึกดีมากคั	5	Chula
จากการเข้ารับการรักษาพยาบาลและคุณหมอที่ห้องผ่าตัดใจดีมากค่ะ ให้กำลังใจด้วย	4	Chula
พยาบาลพูดจาไพเราะ เข้าใจง่าย	5	Chula
เป็นการรักษาที่มีประสิทธิ์ภาพ ถึงช้าก็รอได้	5	Chula
หมอเจ้าหน้าที่ ยินดีให้คำแนะนำ	5	Chula
ทีมแพทย์แนวหน้า มีแพทย์เฉพาะทางหลากหลายและรองรับผู้ป่วยเคสยากๆได้อย่างมีประสิทธิภาพ	5	Chula
คนเยอะ เนื่องจากเป็นโรงพยาบาลของรัฐ รอคิวนานมากค่ะ กว่าจะได้พบหมอ ค่ารักษาถูก ใช้สิทธิ30บาทรักษาทุกโรค พญาบาลใจดีค่ะ ชอบการอธิบายก่อนจะทำอะไร เช่น ก่อนฉีดยา เขาจะมาบอกก่อนว่าจะทำอะไรบ้าง ดีค่ะ แต่คนเยอะจริงๆ	3	Chula
เพิ่งผ่าตลอดลูกคนที่สองเมื่อเดือนตุลาคม 59 ค่ะ ตอนไปตรวจทุกเดือนไม่ค่อยชอบ เพราะรอนานมาก แต่ไปทุกครั้งก็รู้สึกว่าเจ้าหน้าที่ทุกคนตั้งใจทำงาน ยิ้มแย้มแจ่มใส ให้ข้อมูลดีมาก จนถึงตอนคลอดยิ่งประทับใจค่ะ พยาบาลเอาใจใส่คนไข้มาก เดินเช็คทั้งคืน ขอให้ช่วยก็ยิ้มแย้ม ไม่มีบ่นเลยค่ะ ไม่เหมือนรพ.เอกชนบางที่ ดึกๆต้องการความช่วยเหลือ กดกริ่งเรียกไปเหมือนเพิ่งตื่นนอน ไม่ยิ้มเลย แต่หมอและพยาบาลที่จุฬามารยาทดี ดูแลคนไข้ดีมากและที่สำคัญค่าใช้จ่ายไม่สูงเกินไป แต่ไม่สะดวกตรงที่ถ้าต้องการรูดบัตรเครดิตต้องมีค่าใช้จ่ายหนึ่งพันบาทขึ้นไปค่ะ	4	Chula
เมื่อช่วงเช้าของวันที่17ม.ค.2560 ได้ไปใช้บริการที่แผนกกุมารเวช   ระยะเวลาในการรอเป็นปกติของร.พ.รัฐทั่วไป เจ้าหน้าที่ให้ข้อมูลดี มีการประสานงานจากจุดลงทะเบียน จุดคัดกรอง ทั้งที่ลิฟท์ หรือเค้าเตอร์ต่างๆก็ไม่ติดขับ แต่จนท.บางคนอาจจะเสียงแข็งๆ พูดห้วนๆ ไม่มีคะขาเท่ากับของเอกชน  ลูกเราไปฉีดวัคซีน แต่คุณหมอฝึกหัดกับคุณหมอที่เป็นอาจารย์ก็ช่วยดูอาการอื่นๆให้ด้วย  ประทับใจมาก เพราะถ้าเป็นคลินิกย่อย คลินิกหรือรพ.เอกชนอื่นๆก็จะทำตามใบสั่งคือวัคซีนก็วัคซีน ไม่ตรวจหรือสังเกตอะไรเพิ่มเติม  สรุปคือลูกเราซีด เลยต้องเจาะเลือดตรวจ คุณหมอให้ข้อมูลเยอะมาก  ประทับใจจริงๆ  และตอนนี้กำลังรอผลค่ะ	5	Chula
นักศึกษาแพทย์ดีมากคะสอบถามอาการก่อนเข้าตรวจแล้วก็ตรวจดีมากคะอาจารย์หมอก็ดีมากคะพร้อมให้คำแนะนำเราอีกด้วยชอบมากเลยคะพูดจาไพเราะน่ารักสุดดๆ	1	Chula
คุณหมอใจดี ตรวจสุขภาพฟันทุกครั้งที่เปลี่ยนยาง	5	Chula
ใช้เวลานานในทุกจุดที่ไปติดต่อ รวมถึงข้อจำกัดเกี่ยวกับยาที่ใช่ระหว่างรพ.เอกชน & รพ.ของรัฐ	2	Chula
เมื่อเดือน ธันวาคม ได้ผ่าคลอดลูกคนแรกที่ รพ.จุฬาลงกรณ์ หมอผ่าแบบแนวตั้ง แผลไม่สวยเลย มันย่นๆ ทำไมไม่ผ่าแนวนอนให้เรา เสียความรู้สึกมาก	1	Chula
คุณพ่อเพิ่งเข้าไปหาหมอรพ.จุฬาที่ผ่านมา แผนกลมชัก ประทับใจทุกอย่างหมอ พยาบาล เอาใจใส่คนไข้ดีมาก รู้สึกได้ว่าทุกท่านทำงานด้วยใจ สอบถามอะไรทุกอย่างยิ้มแย้มแจ่มใส ทั้งๆที่มีหลายขั้นตอนบางทีถามก้อแอบงง แต่พี่ๆก้อค่อยอธิบาย ช่วงเวลาที่รอคิวนาน เพราะคนไข้เยอะ ก่อมีพี่พยาบาลมาแนะนำขั้นตอนในการ้ลื่อนนัดถ้ามีเหตุจำเป็น มีให้กำลังใจคนไข้แผนกลมชักด้วย ซึ่งไม่เคยเหนที่ไหนมาก่อน ทั้งๆที่คนไข้เยอะมากก แต่พี่ๆพยาบาลก้อยิ้มแย้มแจ่มใส สดชื่นกันทุกคน ทำให้สบายใจและหายห่วงในการมารักษาค่ะ	5	Chula
เป็นโรงพยาบาลที่มีคนไข้มารอตรวจเยอะมากและมารอกันแต่เช้าตรู่มาก แต่ละคนมารอไม่ต่ำกว่าตี5 และพอถึงเวลาลุงรปภ.เปิดประตูทุกคนก็เหมือนจะเตรียมวิ่ง 4*100เมตร เพื่อไปต่อคิวรับบัตร แต่รับบัตรคิวผ่านพี่พยาบาลคัดกรองเท่านั้นนะไม่ใช่เข้าตรวจ มาตรวจแต่ละครั้งใช้เวลา1วัน นี่ละโรงพยาบาลใจกลางเมือง	5	Chula
คือผมกับภรรยาไปฝากครรภ์ที่นั่นซึ่งเป็นโรงพยาบาลของรัฐ วันนี้เราไปครั้งเเรกไปตั้งเเต่เช้าที่ตึก ภปร.ประมาณตี5กว่าคนเยอะเเน่นมากจะได้คิวได้บัตรก็สายๆ แอบหงุดหงิดอยู่เหมือนกันจนภรรยาเกือบจะเป็นลมอยู่หลายครั้ง(555)กว่าจะได้คิวทำบัตรก็รอเป็นชั่วโมงกว่าจะได้เจอคุณหมอก็ถือว่านานมากเเต่พ่อไม่ถอดใจเพราะคิดว่าทำเพื่อตัวเล็ก  เเต่เมื่อเจอคุณหมอ,พยาบาลที่นี่กลับไม่เป็นอย่างที่คิดคือดูเเลบริการได้ดีมากๆให้คำปรึกษา คำเเนะนำตั้งเเต่ไปเข้าทำบัตรจนฝากครรภ์เสร็จ ซึ่งไม่ได้ต่างจาก รพ.เอกชนเลยผมกับภรรยาเหนื่อยมากกับการรอคิวเรียกเเละรอตรวจกว่าจะเสร็จก็เกือบเย็นๆครับ เมื่อเทียบกับรพ.เอกชนเเล้วที่นี่ถูกและประหยัดกว่ามากเเละเทียบกับการบริการผมคิดว่าคุ้มสุดๆ อาจจะต้องช้าหน่อยเพราะคนเยอะแต่ถ้าคุณได้ไปคุณจะประทับใจในบริการอย่างเเน่นอนอย่างที่ผมกับภรรยาได้ไปในวันนี้	5	Chula
บริการดี พยาบาลน่ารัก และเจ้าหน้าที่น่ารัก	5	Chula
ไปคลีนิคนอกเวลา หมอตรวจละเอียด มีการติดตามผลการรักษา	4	Chula
น้องชายเกิดอุบัติเหตุรถชนสมองไหลกะโหลกแตกละเอียด..รพ.ที่แรกที่เข้าคือบางมดไม่ทำแผลเข็นน้องไปมาจนเราโวยวายถึงบอกจะส่งน้องไปจุฬา..พอไปถึงจุฬาหมอบอกน้องสมองเสียหายมาก..ผ่าตัดถึง2ครั้งมีคำพูดนึงที่หมอพูดทำให้เรามีกำลังใจ..หมอพูดว่า..เอาแค่น้องรอดก่อนนะเรื่องอื่นค่อยว่ากัน..เพียงคำพูดนี้กำลังใจของครอบครัวมามากมาย..ทั้งที่หมอบอกให้ทำใจในการผ่าตัดครั้งแรก..เพราะให้เลือดมากแล้วเลือดมาคลั่งอีกข้างถ้าผ่าน้องจะเลือดออกเยอะแล้วช็อคพวกเรากอดกันนั่งร้องไห้หน้าห้องicuจนหมอต้องบอกว่าหมอจะเอาค่าเลือดน้องไปตรวจถ้าน้องสู้หมอก้อจะสู้..แล้วหมอก้อบอกน้องสู้..เอาแค่น้องรอดก่อนนะ...แสงสว่างที่ริบหรี่สว่างขึ้นทันที..ขอบคุณหมอที่ รพ.จุฬา	5	Chula
ดิฉันได้เข้ารักษาที่โรงพยาบาล(คลินิกพิเศษรอกเวลาราชการ) ซึ่งขั้นตอนแรกต้องทำบัตรประจำตัวผู้ป่วยก่อน และก็ต้องทีนีดหมายจากแพทย์ด้วย เนื่องจากดิฉันได้โทรเข้าโรงพยาบาลและได้ทำการจองคิวนัดตรวจกับคุณหมอเรียบร้อยแล้วโดยพยาบาลจะถามชื่อ และอาการป่วย แล้วทำนัดกับคุณหมอให้ เมื่อถึงวันเวลานัดก็เข้าพบกับคุณหมอได้ และถือว่าตรงเวลามากๆ ไม่เสียเวลาเลย เมื่อตรวจเสร็จ ก็สามารถไปรัยาและชำระเงิน แต่ขั้นตอนนี้จะใช้เวลานานหน่อยแต่ก็ไม่เกิน20นาที เพราะต้องรอรับยาและชำระเงินพร้อมกันทุกแผนกทำให้มีจำนวนคิวที่เยอะ แต่โดยรวมแล้วดิฉันก็ประทับใจในการบริการของโรงพยาบาลมาก เพราะทุกคนสุภาพ พูดจาดี และคุณหมอของที่นี้ก็เก่งมากๆดลยค่ะ	4	Chula
มีมาตรฐานและการบริการสูง	5	Chula
หมอใจดีมากก	4	Chula
การบริการเป็นระบบ,ถ้าไม่พูดถึงการรอ ในส่วนของแผนกเด็กมีการติดตามผลอย่างต่อเนื่องพยาบาลเด็กเป็นมิตรดีค่ะ	5	Chula
ให้คำปรึกษาดี ตอบอธิบายคนไข้อย่างละเอียด และมีเครื่องมือ การรักษาที่ทันสมัย	5	Chula
ดิชั้นเป็นคนไข้กระดูกพรุน และกระดูกสะโพกเสื่อมไม่สะดวกในการเดิน บ่อยครั้งที่ไปโรงพยาบาลต้องเดินไปตรวจที่ตึกต่างๆซึ่งไกลกันมากๆ เมื่อดิชันขอความช่วยเหลือโดยขอรถเข็น มักจะได้รับปฏิกิริยาสีหน้าที่บ่งบอกถึงความรำคาญที่ดิชั้นไม่มีญาติมาเข็น(ซึ่งดิชั้นไม่สามารถหาญาติไปด้วยได้เนื่องจากความจำเป็นหลายอย่าง) เจ้าหน่าที่รถเข็นจะบอกให้รอ แต่ไม่รับประกันว่าจะกี่ขั่วโมง!เพราะต้องรอเจ้าหน้าที่ตึกนั่น(ที่ดิชั้นต้องการจะไปรักษา)มา แล้วที่เจ็บคือเจ้าหน้าที่ 4-5 คนนั่งคุยกันต่อโดยไม่สนใจดิชั้นอีก นี่แค่ 1 ในเรื่องอีกหลายเรื่องที่เจอ ทั้งระบบการต่อคิว การตรวจเลือดก็เปลี่ยนแปลงแทบทุกครั้งที่ไปรักษา เจ้าหน้าที่ตอบไม่ตรงกันทำให้ดิชั้นต้องเดินขึ้นลงหลายรอบ บางท่านบอกไม่ต้อวออกบัต่(ประกันสังคม)พอจึ้นไปข้างบนบอกไม่ได้ ต้องลงไปเอาบัตร ต่อแคิวอีกรอบ ยังมีอีกเยอะค่ะ เล่าไม่หมด	2	Chula
ผมเป็นอีกหนึ่งคนไข้ ที่เคยได้เข้ารับการรักษาที่โรงพยาบาลจุฬาลงกรณ์ เป็นเวลาเกือบ 2 เดือน ที่ต้องพักรักษาตัวในฐานะคนไข้ใน ณ โรงพยาบาลแห่งนี้ โดยผมได้รับสิทธิ์ด้วยการใช้บัตรทอง ......ความรู้สึกตอนแรกที่เข้ารับการรักษา ก็ยังไม่รู้สึกถึงความพิเศษอะไร ความคิดแว๊บแรกคือ ที่นี่คือโรงพยาบาลรัฐ จะเทียบกับที่อื่นๆได้หรือไม่ เหตุผลที่คิดแบบนี้ ก็เพราะเคยได้ยินคนอื่นๆ พูดเปรียบเปรย ไปต่างๆ นาๆ ให้ได้ยินเสมอ ในแง่ของการบริการ ของโรงพยาบาลรัฐฯ แต่หลังจากที่ผมได้เข้าทำการรักษา ตอนนั้น ผมยังไม่ได้มีเตียง เนื่องจากคนไข้เย่อะมาก จึงต้องนอนรวมในห้องฉุกเฉิน เพื่อรอเตียงว่าง ความรู้สึกที่สัมผัสได้ กับสิ่งที่เคยได้ยินมาตลอดเวลานั้น มันช่างแตกต่างกันโดยสิ้นเชิง ผมได้รับการปฎิบัติเป็นอย่างดี จากทั้งคณะแพทย์ นักศึกษาแพทย์ เจ้าหน้าที่ของโรงพยาบาล เวลาผ่านไป 5 วัน จนผมได้เตียง และหอพักรักษาตัว ความรู้สึก และสิ่งที่ได้รับการปฎิบัติต่อผมนั้น ต้องขอชื่นชม ด้วยใจ การดูแลเอาใจใส่ การเยี่ยมไข้ การตรวจ การวินิจฉัยโรค คณะแพทย์ทำอย่างรอบคอบ วิเคราะห์ อาการที่เป็น การให้ยา การใช้วิธีการรักษา และอื่นๆ อีกมากมาย ที่ผมได้รับจากที่โรงพยาบาลแห่งนี้ วันที่ต้องเดินทางไปแอตมิน คิดอยู่อย่างเดียวว่า จะได้มีโอกาส ได้กลับบ้านไหม หรือจะต้องจบชีวิตลงที่โรงพยาบาลแห่งนี้ แต่สุดท้ายแล้ว ด้วยความเอาใจใส่ต่อผู้ป่วย ความรู้ของคณะแพทย์ทั้งหมด ที่ทุ่มเท กาย ใจ สติ ปัญญา ทำให้ผม ได้กลับมาบ้าน มาด้วยความปลอดภัย จนทุกวันนี้ ผมยังรู้สึกถึงความมหัศจรรย์ ที่ได้รับจากที่โรงพยาบาลจุฬากรณ์ และจะไม่มีวันลืม ความเมตตา กรุณา ปราณี ต่อ อดีต คนไข้ คนหนึ่ง ที่ ยมทูต เคยเกือบจะเอาชีวิตกลับไปแล้ว ครับ	5	Chula
มาตรฐานสากล	5	Chula
มาถึงคนแรกตกใจ!เลย ใบคิวเสียบไว้เป็นหลายสิบ	1	Chula
ผู้คนมากมาย บริการดี พึ่งมาได้ครั้งที่2 คงมีโอกาศมาอีกหลายครั้ง	4	Chula
อยากจะขอฝากชื่นชมคุณหมอและพยาบาลแผนกสูตินรีเวช ตึกภ.ป.ร.ค่ะ คือไปมาโรงพยาบาล 2-3 ครั้งแล้ว แต่เพิ่งได้เจอกับคุณหมอที่นัดไว้วันนี้ เหตุเพราะเรามาช้าเอง เดินทางมาจากศรีราชา ชลบุรี เจอรถติดเลยไม่ทัน แต่วันนี้ได้เข้าตรวจกับคุณหมอ รู้สึกสบายใจอย่างบอกไม่ถูก พยาบาลก็บริการดีมากๆ ประทับใจค่ะ เลยทำให้มีกำลังใจในการรักษา ก่อนหน้านี้ยอมรับว่าท้อมากๆแอบร้องไห้ทุกวัน พอมาที่นี่วันนี้รู้สึกขอบคุณคุณหมอมากๆค่ะ ท่านดูใส่ใจและให้คำแนะนำดีมากค่ะ	5	Chula
ทุกอย่างสำหรับเรา ..ดีเยี่ยม	5	Chula
อุ่นใจใกล้หมอเก่งๆ	4	Chula
พึ่งพาได้เสมอเลย	5	Chula
ขอขอบคุณหมอและพยาบาลที่ดูแลคนไข้เป็นอย่างดี บางครั้งอาจพูดไม่ไพเราะ	4	Chula
หมอและพยาบาลดูแลดีีค่ะเข้าใจคนไข้ยิ้มแย้มแจ่มใส	4	Chula
การบริการ ดีมากค่ะ ใส่ใจผู้ป่วย	5	Chula
ปกติโรงพยาบาลนี้บรการดีนะคะสะอาดเคยพาแม่ไปรักษาอาการแม่ดีขึ้นแต่เปนเพาะเสียเงินหรือเปล่า....แตร่	5	Chula
อู่ข้าว.อู่น้ำ.จุฬาให้ทุกอย่างเจ้าหน้าที่บุคคลากรทุกท่านมีความเป็นอยู่ดีทุกคน.ขอให้ทุกท่านสำนึกในบุญคุณของ,ร.พจุฬาด้วยให้ซื่อสัตย์ในหน้าที่ที่ท่านได้รับผิดให้ดีที่สุด	3	Chula
บุคคลากรดีมาก น้องผู้ช่วยยิ้มแย้มดี แม่นอนร.พ.ห้ามเฝ้า แต่มีน้องผู้ช่วยดูแลอย่างดี ลดกังวลได้กึ่งหนึ่ง	4	Chula
ฉันต้องไปตรวจร่างกายที่นี่ทุกๆ3 เดือนเป็น รพ.รัฐบาลที่ดูแลคนป่วยได้ดีที่สุดขอบคุณคุณหมอทุกๆท่านค่ะ	5	Chula
มีความทันสมัยเจ้าหน้าที่ดีเยี่ยม ^_^	5	Chula
ดีมากๆเพราะเคยพาลูกไป	3	Chula
ส่วนน้อยที่จะเจอการบริการของพยาบาลที่ดี ยิ่งตึกสวัสดิ์ล้อมแล้ว คนผิวค้ำๆอายุมากกว่าคนอื่น เก๋าจริงๆหน้าบอกบุญไม่รับ พยาบาลใหม่ๆก็ดีหน่อย แต่ไม่รู้อยู่ไปนานๆจะเป็นเหมือนพวกอยู่นานหรือเปล่า ไม่เข้าใจว่าเมืองไทย โรงพยาบาลรัฐบาลทำไมต้องเป็นแบบนี้ ถ้าคุณไม่จรรยาบรรณในการบริการมาเป็นพยาบาลทำไมล่ะค๊าบ ไปทำอาชีพอื่นดีกว่า ผมศรัทธาในตัวคุณหมออย่างเดียวไม่งั้นผมไม่เข้ามาใช้บริการแน่ๆ น่าจะมีการให้คะแนนเหมือนตามธนาคารนะ ก่อนจะขึ้นเงินเดือนให้ ให้ผู้ใช้บริการกดให้คะแนน คนไหนโดนร้องเรียนมากๆไม่ต้องขึ้นเงินเดือนให้ ดูซิว่าจะบริการดีมั้ย ผมเป็นนักฟุตบอลทีมชาติรับใช้ชาติมาเป็นสิบกว่าปี แต่มาหมดกำลังใจจากคนไทยด้วยกัน หวังว่าโพสของผมคงไปถึงผู้อำนวยการโรงพยาบาลจุฬา คงได้อ่านนะครับ	2	Chula
มันร้อนๆๆๆๆสุดๆไปเลย	5	Chula
เป็นสถานพยาบาลที่มีผู้ป่วยอาวุโสจำนวนมารับการรักษา บริการดีจัดระบบคิวได้ดีมาก ซึ่งสะดวกมากสำหรับผู้ป่วยที่เคยมา แล้ว แต่ผู้ป่วยใหม่ค่อนข้างจะลำบากมากเรื่องระบบการให้บริการต่างๆที่แยกส่วน หาflow chartการให้บริการเพื่ออ่านให้เข้าใจยากมาก ถามประชาสัมพันธ์ก็ตอบสั้นๆไม่ค่อยอธิบายมาก แต่ก็สรุปว่าบริการดีกว่าต่างจังหวัดมากครับ โดยเฉพาะเมื่อเข้าถึงนายแพทย์คุณหมอทั้งหลายใจดีเหลือเกิน อธิบายดีและรักษาอย่างสุดฤทธิ์สุดเดช ไม่ยอมแพ้ง่ายๆ ขอยกย่องนับถือครับ	5	Chula
คุณหมอเก่งมากค่ะ ขอขอบพระคุณ อ.หมอรุ่งศักดิ์ แพทย์ผู้เชี่ยวชาญด้านผ่าตัดสมอง ที่ได้รักษาดิฉันให้หาย มีชีวิตใหม่ที่ดีขึ้น	5	Chula
ไม่เคยใช้บริการคิดว่าเป็นโรงพยาบาลที่มีมาตรฐานสูง	5	Chula
ลูกเป็นไข้พาลูกมาตรวจตั้งเวลา17.00 จนถึงเวลา18.17 ยังไม่ได้ตรวจ พยาบาลบอกว่าประวัติยังไม่มาต้องอีกครึ่งชั่วโมงไข้ก็ไม่ได้วัด ดูพยาบาลแม่งทำงานลูกไข้ปวดหัวจะแย่แล้วแต่พยาบาลแม่งไม่ได้ห่าอะไรเลย จ่ายเงินสดนะไม่มีบตรอะไรแม่งทำช้ามากๆ	1	Chula
แย่มาก..คนไข้รอนานมาก..ระบบล่าช้า...มากี่ทีๆก็เหมือนเดิม..ถ้าจ่ายเอง..เรียกเร็วมาก..ถ้าฟรี..รอนานมาก..เจ้าหน้าที่มั่วแต่คุย.. ไอ้ตรงช่อง..1-5อ่ะ..ปรับปรุงมั้งดิ..มาแต่6:00 9:00โมงกว่าแล้วยังไม่ได้..คิวตรวจ.. #เวลานั่งมองเจ้าหน้าที่.สังเกตุนานล่ะ..มั่วแต่คุย..หัวเราะคิกคักๆๆๆ...มาทำงานหรือมาคุย..บางทีก็เดินไปนู้นนี่..โห่..แย่มาก..รพ..ก็ใหญ่..ระบบหน้าจะดีกว่านี้..	1	Chula
5 วันที่ทำบอลลูนหัวใจ ณ. โรงพยาบาลจุฬา ขอขอบคุณคุณหมอและคุณพยาบาลที่ดูแล เอาใจใส่เป็นอย่างดี ขอคุณงามความดีจงส่งผลให้ทุกท่านได้รับแต่สิ่งที่ดีๆตลอดไป นาง ศจี บุญญกนก #โรงพยาบาลจุฬาลงกรณ์ #โรคเส้นเลือดหัวใจตีบ #บอลลูนหัวใจ	5	Chula
บริการเยี่ยม	2	Chula
ตั้งแต่เข้ารับการรักษาที่ รพ.จุฬาฯ เป็นเวลา 3 ปีแล้ว คณะแพทย์ให้ความดูแลรักษาเป็นอย่างดีค่ะ...รู้สึกดีมาก ขอบคุณค่ะ ที่ใส่ใจคนไข้ทุกระดับชั้น	4	Chula
ห้องพิเศษก็โอเคร ห้องธรรมดาก็ไม่รู้เหมือนกันว่าเป็นยังใงครับไม่เคยใช้บริการ. (แต่ก็ไม่ใช้จะดีกว่า55)	4	Chula
รอตรวจ นานแว้ว	5	Chula
หาที่จอดรถยากมาก เบื่อที่ใช้แพทย์ฝึกหัดตรวจคนไข้แถมเป็นคนไข้นัดตามตรวจอยู่แล้วทุกสามเดือนแต่กลับไม่รู้อะไรเลย	2	Chula
บริการดีเครื่องแพทย์ทันสมัย	4	Chula
งานที่มากเจ้าหน้าที่คงจะทำไม่ทันน่าเห็นใจครับขอบคุณครับที่ทำงานเหนื่อยเพื่อประชาชน	4	Chula
หมอที่นี่เก่งมากครับ	5	Chula
ได้รับการผ่าตัดเนื้องอกในสมอง ปี 2553 ด้วยความสำนึกในพระคุณอันยิ่งใหญ่ของคณะแพทย์และพยาบาล	5	Chula
ไปมาสะดวกแต่ไม่มีที่จอดรถเจ้าหน้าที่บางคนพูดจาและบริการไม่สุภาพ	4	Chula
เป็นสถานที่ทรงเกียรติ์ เป็นที่พึ่งพาของคนยากไร้ยามเจ็บไข้	3	Chula
การอธิบายขั้นตอนเข้ารักษาดีมากฟังได้ เข้าใจง่าย .หมอกระดูกและพยาบาลเป็นกันเองไม่ดุ..สถานที่ดีสะอาดเรียบร้อย ร่มรื่น.เรียกว่า5ดาวครับ	5	Chula
จะกี่ครั้ง จะกี่หน ต้องใช้ความอดทน และ ทำใจ ทุกครั้งที่มา ไม่ว่าตะพยายามคิดในแง่ดีแค่ไหนก็ไม่สามารถ ทำให้ความรู้สึกดีขึ้นเลย ได้แต่คิดผิดที่กู เสือกมาที่นี่เอง ก็รู้ว่าไม่ได้มีเพียงแต่เรา ทุกคนก็ใช้ความอดทนแต่ตลอดปีกว่าที่เพียรมารักษาที่นี่ จากความหวัง กลายเป็นความฝังใจและฝังยันรากลึก ในแง่ลบ มากๆๆๆๆๆๆๆ	2	Chula
มาจากต่างจังหวัดตั้งแต่6โมงเช้า คุณหมอเข้า-ออกเวรตอน 7-9โมงเช้า ช่องทำบัตรก็ยังไม่ทำงาน เล่นมือถืออยู่ได้แย่ๆๆๆๆห่วยๆๆๆๆๆๆๆๆ สอบถามยามก็มารยาทห่วย	1	Chula
พยาบาลรพ.รัฐหลายๆที่ปรับปรุงเรื่องหน้าตาและการให้บริการกันหมดแล้ว ไม่คิดว่าจุฬาจะยังคงการบริการด้วยสีหน้าและสีหน้าเหมือนสมัยที่ยังไม่มี Social Network นะคะ	1	Chula
เคยไปเหมือนกันคนเยอะมากเดินหาตึกยากเพราะมีหลายตึกคนไม่เคยไปงงแน่ๆ	3	Chula
ขอบคุณมากค่ะที่ดูแลคนต่างจังหวัดอย่างเราดีมากให้ความช่วยเหลือและคำแนะนำดีมากค่ะทั้งคุณหมอและทีมงานทุกคนค่ะ	5	Chula
ไปจนมีความรู้สึกเป็นบ้านอีกหลัง_ไปบ่อยซะจนเหนื่อย แต่! ก็ต้องไป	2	Chula
ผมมีชีวิตใหม่ กับ ที่นี่ขอบพระคุณ หมอพยาบาล ทุกท่านที่มอบชีวิตใหม่ให้	5	Chula
กับความประทับนี่ บอกเลยสุดยอดมาก บริการดีเยี่ยม	5	Chula
เยี่ยมยอดที่สุดเรยค่ะ ขอบคุณคุณหมอทุก ๆ ท่าน พยาบาลทุกท่าน แม่บ้านทุกท่าน และบุรุษพยาบาลทุกท่าน โดยเฉพาะทีมแพทย์สายสีฟ้า ที่ทำการผ่าตัดให้ลูกสาว รวมถึง นิสิตแพทย์ปี 4 ที่เข้ามาดูแล พูดคุย และให้กำลังใจ แม้จะอยู่โรงพยาบาลเพียง 6 วัน แต่อบอุ่นใจ รู้สึกปลอดภัย ขอบคุณมากที่สุดเลยค่ะ	1	Chula
เก่งมากคับ	3	Chula
บริการดีเอาใจใส่คนไข้ให้คำปรึกษาละเอียดมาก	4	Chula
การบริการ ยอดเยี่ยมมาก	5	Chula
คนไข้เยอะมากไปรพต้องทำใจคิดว่าคุณหมอเเละเจ้าหน้าทื่ทุกฝ่ายทำดืทื่สุดเเล้ว	5	Chula
มาหาหมอนัด 7.30 น. ทำใบนัดส่งตัวผิดชั้นกันเอง ชั้ลต้องพายายมานั่งรอ เสียเวลาเพราะคุณๆทั้งหลาย3ชม.เต็มๆ กว่าจะได้ตรวจเกือบเที่ยง โทษกันไปโทษมาไม่คนรับผิดชอบเลย ไร้ระบบ! แต่ขอบคุณพยาบาลชั้น13นะคะช่วยทำเรื่องให้จนเสร็จ เรียบร้อย #ในสิ่งไม่ดีมักจะเกิดเรื่องราวดีๆ	1	Chula
บริการดี เจ้าหน้าที่พูดจาสุภาพ การรักษาไม่เลือกปฏิบัติไม่ว่าบัตรทองหรือเสียเงินเอง เจ้าหน้าที่เป็นกันเองกับคนไข้(เป็นญาติคนไข้ที่ไปใช้บริการที่ห้องส่องกล้องต่ะ)	4	Chula
พาพ่อมาสลายต้อกระจก บริการดีเกินคาดค่ะแผนกนี้ พยาบาลเก่งมาก แนะนำขั้นตอนการดูแลแผลทั้งกับคนไข้และญาติอย่างดี เป็นกันเอง ยิ้มแย้มและตอบคำถาม ขากลับเขาเห็นพ่อเราอาการไม่ค่อยดี เขาโทรเรียกรถกอล์ฟมารับถึงตึกให้พาไปส่งตึก ภปร. เพื่อไปต่อรถไฟใต้ดินให้ด้วย ประทับใจ อยากให้ทุกแผนกเป็นแบบนี้	4	Chula
ดีค่ะ คนใกล้ตาย ได้เกิดใหม่หลายคน และสมกะเป็นโรงพยาบาลรัฐ ที่1 ในใจฉัน	5	Chula
วันนี้พาแฟนมาเจาะตรวจไตประจำปี. คุณหมอให้มายืนเรื่องที่ห้อง 35. พอทำเรื่องเสร็จพี่ห้อง35 ให้ไปยืนเอกสารตรวจเช็ดสิทธ์ปนะกันสังคม แต่คนรับผิดชอบลา ทั้ง2คน. แล้วให้เราเดินไปๆมาๆ เรื่องไม่เสร็จสักที ห้องตรวจสิทธ์ก็พูดจาไม่ดี ไม่สมกับทำงานบริการเลย(ห้อง1 ตรวจสอบสิทธ์) แย่มากๆๆ ขอบคุณพี่ห้อง35. โต๊ะ2. ที่ช่วยทำเรื่องให้จนเสร็จ	1	Chula
อีกนิดหน่อย	4	Chula
ดีมากๆๆ เท่าที่เคยตะเวนรักษาลูกมา คุณหมอเปิดโอกาศให้คนไข้ได้พูดคุยถึงเรื่องอาการอย่างละเอียดพึ่งเคยเจอค่ะ หัวใจสำคัญ ที่นี้คือการให้บริการค่ะ ขนาดคนเยอะมากๆ ไม่น่าจะทำได้ดีขนาดนี้ มีแค่บางจุด/และเจ้าหน้าที่บางคนเท่านั้นค่ะ ที่ดูจะขี้หงุดหงิด แต่ก็น้อยมากที่เจอ	5	Chula
การที่มาใช้บริการรพ.รัฐบาลต้องทำใจค่ะขนาด รพ.เอกชนยังต่อรอคอยค่ะ	3	Chula
รอคิวนานค่ะ เรียกเข้าพบแพทย์ ก็ผิดห้อง	3	Chula
ดีที่สุด	5	Chula
การดูแลน้อยเข้าใจบุคลากรไม่เพียงพอ แต่มารยาทเจ้าหน้าที่นี่สิ อบรมกันบ้างนะคะ คิดแค่ว่ามาทำงานเพื่อรับเงินเดือนรึไง	1	Chula
แล้วแต่เพราะหลากหลายสถานการณ์แต่ผมเชื่อมั่นว่าโรงพยาบาลจุฬาฯเป็นหนึ่งในไม่กี่แห่งที่ดีที่สุดของประเทศไทย	5	Chula
หมอเก่งมาก หล่อด้วย	5	Chula
ยอดเยี่ยมมาก	5	Chula
พ่อไปตรวจที่รพ. ยื่นบัตรนัดแต่เช้า แต่หาประวัติคนไข้ไม่เจอสักครั้ง ทำงานแบบไหนกันคะ ติดต่อกลับได้เลยคะ เรื่องจริงที่ไม่เคยพัฒนา	1	Chula
บัตรคิวส่งตัว ที่ใช้กดตู้ เปิด(เวลา)ตีอะไรครับ	1	Chula
ดีมากคะ	5	Chula
เป็นรพที่ดีอีกรพหนึ่งของกทมหมอเก่งพยาบาลก็น่ารักค่ะ	5	Chula
เคยได้ยิน แต่ไม่อยากไป	1	Chula
คุนหมอน่ารักมาก	5	Chula
ที่จอดรถน้อยมากสำหรับผู้มารักษา/มีแต่ที่จอดของหมอกับพยาบาลและรถหรูของคนมีตังค์เท่านั้น...น่าจะปรับปรุงบ้างแต่ไม่รู้เมื่อไหร่จะทำสักที...เฮ้อ...!!!	5	Chula
บริการดี เป็นระบบ หมอเก่ง เครื่องมือทันสมัย	5	Chula
พยาบาลสวยๆ	5	Chula
ดีครับสำหรับโรงพยาบาล	4	Chula
เยียมมากครับ	5	Chula
หมอดี รพดี แต่อย่าถามถึงที่จอดรถ...	4	Chula
มาตรฐานระดับชาติ คนไข้มากทำให้ต้องรีบร้อนความผิดพลาดจึงเกิดคุณหมอเขียนสั่งยาเร็วเภสัชอ่านไม่ชัดเจนรีบด้วยคนไข้เลยรับยาผิดแก้ไขได้ครับเป็นกำลังใจให้สู้ๆ	5	Chula
บริการดีค่ะคุนหมอเก่ง	5	Chula
ดีค่ะพ่อเคยผ่าตัดที่นี่	5	Chula
เวรเปรหน้าฉุกเฉินพูดจาไม่ดี แย่มาก ไม่บริการ (เล่นแต่โทรศัพท์ไม่สนใจคนป่วย)	5	Chula
ขอบคุณคุณหมอ และพยาบาล และเจ้าหน้าที่ทุกฝ่าย ที่ดูแลคุณยาย และ คุณพ่อ ขอให้ทุกท่านมีความสุข สุขภาพแข็งแรง ทำงานอย่างมีความสุข ตลอดไปนะคะ	5	Chula
คุณยายรักษาหลังที่นี้ (ร.พ. จุฬาลงกรณ์ )	4	Chula
คุณหมอและคุณพยาบาลดูแลดีครับ พูดก็เพราะ	4	Chula
หมอ พยาบาล เจ้าหน้าที่ดี แต่ประชาสัมพันธ์อาสา ที่คอยจัดคิวคอยคัดกรอง พูดจาแย่มาก พาไปดูงานรพ.ตำรวจหน่อยก็จะดีนะ	4	Chula
มาครั้งแรก ก็รู้สึกแย่กับคนเข็นรถขึ้นลิฟท์ตึก ภปร.เลย ที่พูดนะ ปากหรือนั่น ?????	1	Chula
ก็เห็นทางโรงบาลนะ ก็คิดว่าคงจะไม่ถูกใจทุกคนหรอก	5	Chula
ดีค่ะ	5	Chula
ดีค่ะ..อยากมาใช้ ปกส.ที่นี่แต่คิดว่าน่าจะเต็มแล้วค่ะ	5	Chula
กว้างใหญ่ไพศาล ร่มรื่น ต้นไม้เยอะ ตึกเยอะ พยาบาลน่ารัก	5	Chula
คนเยอะรอนานหน่อยแต่ก็ดี	4	Chula
ห่วยแตกมาก มารักษาผิวหนังตั้งแต่ 7 โมงตอนนี้ 10 โมงยังไม่รักษา คนที่มาคิวหลังๆได้ก่อน ไม่รุ้ว่าระบบแบบนี้ ผ่านมาตรฐานมาได้อย่างไร ห่วยมากกๆ เจ้าหน้าที่ก็พูดจาแย่มาก	1	Chula
รักษาดีมากครับ	5	Chula
คนไข้เยอะมาก....เป็นกำลังใจให้ จนท.ทุกๆท่าน ครับ...	5	Chula
ดีมากโรงบาลนี้เคยไปคลอดลูกที่นี้ค่ะบริการดีเวอร์หมอน่ารักนิสัยเป็นกันเองมากยิ่งนักศึกษาฝึกหัดยิ่งนิสัยดีโรงบาลจุฬาฯดีที่สุดแล้วค่ะทำดีมาก	5	Chula
ที่ผมไปมานะครับบริการดีมากครับหมอก็ใจดีครับออกค่ายาให้ผมด้วย	5	Chula
ชอบโรงบาลนี้มากคะถึงจะรอนานก็เค้าใจเพราะคนไข้เยอะและมีอย่างนึ่งอยากขอไม่ต้องให้คนเข้ามาเดินขายของนะคะพอรอไม่ซื้อก็ด่า วันนี้กผ้เหมือนกันไม่รู้เค้าด่าเราหรือป่าว ตอนเราลงบันได้เลื่อยลงมาเค้าก็ลงตามมาด้วย เค้าก็พูดกับเพื่อนเค้าข้างหลังเราว่า ซื้อดอกเดียวก็ไม่ได้ไอพวกเหี้ยขี้งก เพราะเค้าก็มาขอให้เราซื้อเหมือนกัน ขอละนะคะ	5	Chula
สับสนไปหน่อย..เพราะตึกเยอะมาก	4	Chula
บริการดี คุณหมอเก่งมาก	5	Chula
คุณหมอเก่งลูกสาวรอดตายก็ที่นี่	5	Chula
แม่เข้ารักษาตัวที่โรงพยาบาลจุฬาฯ ด้วยอาการก้อนเนื้อที่ทวารหนัก มาตั้งแต่เดือนมกราคมจนถึงตอนนี้ หมอนัดคิวจะผ่าตัดให้แต่ช้ามากๆๆๆ อะคะ แม่ปวดมากขึ้นทุกวัน ๆ กินยามอร์ฟีนที่หมอให้แก้ปวด จนกระทั่งความจำไม่ดี หลงๆลืมๆ เบลอๆ พูดคุยอะไร จำไม่ได้ ทั้งๆ ที่ก่อนมาแม่อาการดี ปกติทุกอย่าง สงสารแม่มากๆๆๆ อะคะ พอจะมีทางช่วยแม่มั้ยคะ ก่อนหน้านี้คนไข้มีความรู้สึกดีนะคะที่ได้มาอยู่ รพ.นี้ แต่ตอนนี้ชักไม่ไหวแล้ว คะ มีทางไหนที่จะทำให้การรักษารวดเร็วได้บ้างคะ จนตอนนี้คนไข้มีก้อนเนื้อเพิ่มมาอีก 1 ก้อนแล้วคะ ก้อนเนื้อเดิมก็ใหญ่ขึ้น คนไข้ปวดจนอยากจะตัดขาทิ้งแล้วค่ะ	1	Chula
แม้คนมากมายก้อต้องรอ	5	Chula
พาแฟนมาผ่าตัดครั้งที่ 2 โดยไม่เคยรู้จักใครมาก่อนที่จะเข้ามา... ได้รับบริการมาตรฐานเท่าเทียม และเสมอภาพนะ พยาบาบตึกเจริญ-สมศรีทำหน้าที่ได้ประทับใจค่ะ	1	Chula
ก็งั่นๆแหละลูกชายรอคิวผ่าหลังมาสามปีละไม่เห็นมีห่าไรเลย	2	Chula
อบากบอกว่าขอบคุณ คุณหมอธวัชชัยและพยาบาลทุกท่านในตึก ภปร ชั้น 9 ที่ดูแลลูกสาวที่ป่วยเป็นโรค sleด้วยดีตลอดมาขอขอบคุณมากๆค่ะ	5	Chula
ขอบคุณคุณหมอและพยาบาลทุกคนที่ดูแลเป็นอย่างดี ซาบซึ้งจริงๆนะค่ะ คิดถึงมิตรภาพดีๆที่มีให้กันจังเลย	5	Chula
ดี	5	Chula
พูดจาดีๆเป็นป่ะค่ะ เจ้าหน้าที่ต้อนรับแบบนี้อย่ามีเลยดีกว่าค่ะ จำเป็นต้องเสียงดังป่าว พูดจาดีๆไม่เป็นหรอค่ะ #รบกวนไปเรียนมารยาทมาใหม่ด้วยค่ะ #บางคน	2	Chula
ให้บริการดีมาก ค่ะ	5	Chula
ไม่อยากเห็นคนป่วยไม่อยากเข้าโรงบาลแต่งานที่ทำอยู่มันต้องได้เห็นได้เจอครับ	1	Chula
บริการดีมากค่ะคุณพ่อดิฉันมาทุกเดือนให้บริการดีน่ารักตั่งแต่คุณหมอจนถึงพยาบาลขอให้รักษามาตรฐานอย่างนี้ตลอดไปนะคะ	5	Chula
นั่งคอยครึ่งวัน แต่เข้าตรวจไม่ถึง5นาที เฮ้อ....ระบบเขาดีจิง	1	Chula
อย่กทราบการต่อหมั่นว่าอยากปรึกษาหมอว่าควรทำยังงัยบ้างค่ะ	2	Chula
สุดยอดกับคุณหมอครับ	5	Chula
เจ้าหน้าที่เก็บขยะของโรงพยาบาลจุฬาฯนี่สุดยอดมากครับ คำพูดคำจาฟังไม่ได้เลย	1	Chula
เขาก็บริการดีน่ะคุณๆๆตอ้งเข้าใจน่ะเป็นโรงบาลที่มีผู้ป่วยเยอะการบริการก็ตอ้งมีล้าช้าบ้าง	2	Chula
รอนานมาก แต่คุณหมออธิบายดีมากทำให้ง่ายต่อการักษาสรุปว่าชอบโรงพยาบาลนี้ค่ะ	5	Chula
เป็นสถานพยาบาลของรัฐที่รวมบุคคลากรทางการแพทย์มากมาย	5	Chula
ร.พที่ดีสำหรับฉันเป็นสถานทีาทำงานและดูแลผู้ป่วยได้ตลอด24ชั่วโมงเกือบ3ปีสำหรับฉันสุดยอดแห่ง ร.พค่ะ	5	Chula
บริการซวงแตกกับการจัดระบบบริการเมื่อไหร่จะพัฒนาสักที โดยเฉพาะเจ้าหน้าที่ที่พูดจาหมาไม่แดก ทำเหมือนไม่อยากมาทำงานบริการถ้าคุณไม่อยากมาทำงานบริการคุณออกกไปทำอย่างอื่นสิ ให้เอาคนที่เขาต้องการทำงานจริงๆมาทำ!!!!	1	Chula
ดีมากๆๆๆ	5	Chula
คุณภาพให้ที่1เลยค่ะ >	5	Chula
บริการดีค่ะ	5	Chula
วันที่ 21 มิย.มาผ่าตัด คุณหมอและคุณพยาบาลดูแลเป็นอย่างดีมาก ขอขอบคุณมากๆค่ะ	5	Chula
ทุกอย่างดีหมดติดอยู่อย่างเดี่ยว ห้องเบอร์35แพนกรับผู้ป่วยใน ตึกจักรพงษ์ พนักงานคนอ้วนๆซอยผมสั้นข้างนึง หน้าไม่เต็มใจทำงาน คนมาถามก็ตอบน้ำเสียงไม่พอใจตอบแบบถากๆ คนไข้ไปยืนรอถามก็ทำเฉยมองหน้าแล้วก็ไม่ตอบ ฟังเพลงดูmv เริ่ดมากคะอีดอก	3	Chula
ที่จอดรถหาที่จอดยากมั้งมาก	2	Chula
เริ่มใช้ระบบรับบัตรคิวใหม่คนแออัดมากวุ่นวายจัง..รักษาสุขภาพกันนะอย่าป่วยเลยมาแล้วอาจป่วยมากกว่าเดิม	5	Chula
ครอบครัวได้ใช้บริการที่นี่	5	Chula
การบริการ ที่ดี ของบุคลากร แม้งานจะหนัก ก็ยังสามารถดูแล และรักษาได้อย่างดี ขอบคุณบุคลากรทุกท่านค่ะ	5	Chula
ไม่มีความสงสารกู กูเกรียจ ร.พนี้	1	Chula
บริการดีค่ะใครไม่สบายไปรักษาได้เลยค่ะ	5	Chula
ขอบคุณคุณหมอและพยาบาลทุกคน แต่ ปรับปรุง พยาบาลที่มีอายุที่ชอบตะคอกคนใข้แก่แก่ เห็นแล้วสงสารค่ะ .	4	Chula
หมอเก่งนะ	5	Chula
แผนกฉุกเฉินคุณหมอน่ารักพยาบาลก็น่ารัก...ดูแลดืค่ะ	3	Chula
ผู้ป่วยบางคน จะตายไม่ตายแลแต่หมอบอกว่าไม่เป็นอะไร ตรวจหาสาเหตุไม่เจอ ไปก็หลายโรงพยาบาลเสียเงินทองก็มากมาย ทุกที่หมอก็บอกว่าไม่เป็นอะไร ถ้าหมดที่ไปแล้วลองคุยกับหนูได้นะครับ	4	Chula
ผิดกับที่คิดไว้คับเจ้าหน้าที่ดีมากชอบป้าคนที่กดบัตรคิวให้จังคับ ใจดีมากกดหลายครั้งไม่ขึ้นก็ไม่มีบ่นเลยคับแถมป้าแกมายืนกดให้คำแนะนำตั้งแต่ตีห้า ไปครั้งหน้าจะเอาขนมไปฝากนะครับ	5	Chula
สถานพยาบาลระดับประเทศ ส่วนใหญ่จะไปเป็นเพื่อนคนป่วย	5	Chula
เห้ออออออออออ เหมือนจะดี สุดท้ายต้องคอยลุ้นดูว่าจะเป็นไง	3	Chula
ก็ดีนะดีมากๆ	1	Chula
พยาบาลห้องฉุกเฉิน แสดงกริยาได้แย่มากๆๆๆเท่าที่ได้เจอ ถ้าอธิบายด้วยกริยาแบบนั้น ก้อไม่ต้องพูด ไม่ต้องมาเป็นพยาบาล มันขัดกับชุดนางฟ้าสีขาว ถ้ามีผู้บริหารเห็นควรปรับปรุงมารยาทอย่างแรงนะคะ คุณทำงานให้บริการ คนไข้หรือญาติมีข้อสงสัยเยอะถามเยอะ เรื่องมากก็เพราะมันเป็นเรื่องสุขภาพของคนที่เค้ารัก มันเป็นความเป็นความตาย มันก็เป็นเรื่องปกติไม่ใช่หรอที่ญาติอยากรู้ว่าคนไข้จะเป็นยังไง หรือต้องรอหรืออะไรต่อไป ถึงคุณจะรำคาญมากแค่ไหนก็ไม่ควรแสดงออกแบบนั้นหรือแบบนั้น	1	Chula
เคยนึกชื่นชมบริการที่เป็นกันเอง แต่วันนี้เป็นวันแรกที่รู้สึกว่าที่นี่แก้ปัญหาไม่ได้ ระบบขัดข้อง แต่ไม่มีวิธีช่วยเหลือคนไข้ บางแผนกบริการได้เห็นแก่ตัวปัดภาระหน้าที่ความรับผิดชอบให้พ้นตัว เพียงเพื่อไม่ให้แผนกตัวเองมีภาระที่เพิ่มมากขึ้น	3	Chula
ดีคับ คุณหมอดูแลดีมาก สามารถทำให้ผมหายจากการเกิด อุบัติเหตุ มอไซด์ผลิกคว่ำ อย่างแรงได้ และหายเป็นปกติ เดิน นั่ง ได้อย่างเดิม	4	Chula
บริการดีมากๆ บุคลากรล้วนแต่มีจิตใจดีทุกๆคนค่ะ	5	Chula
คุณหมอพูดจาดี วิเคราะห์โรค น่าเชื่อถือ แต่เจ้าหน้าทีหน้าห้องตรวจพูดจาไม่ค่อยดี คำอธิบายไม่ชัดเจน พูดกับคนไข้ ห้วนสั้น แฝงลักษณะ รำคาญ เวลาที่คนไข้ไม่เข้าใจ คำพูดที่ไม่ชัดเจน ....ปรับปรุงส่วนเจ้าหน้าที่ อีกนิด ส่วนคุณหมอ พยาบาล น่ารักมาก ...อย่างไรก็ชื่นชม มากค่ะ	5	Chula
โรงบาลจุฬา เหอะ เมื่อวานทำขอใบไห้เลือดแต่ไม่ได้เลือด พอมาวันนี้กูยื่นเอกสารเหมือนเมื่อวาน บอกว่าเอาแต่ใบส่งตัวพระราม 2 กูยื่นเอกสารพี่ที่ห้องพยาบาลส่งไห้ดูก็ไม่ดู โรงบาลมี นางพยาบาลดอกทองได้ไง ต้องไห้กูตายคาโรงบาลป้ะค้ะ ? วิ่งขึ้นวิ่งลง แถมไห้กูรอคิว 2ชั่วโมงครึ่ง	1	Chula
ขอบคุณที่ดูแลร่างกายฉันตลอด31ปีก็มาที่นี่ดูแลกันที่นี่คลอดก็ที่นี่คนทุกคนต้องมีการซ่อมแซม ขอให้พระราชินีทั้งสามพระองค์ทรงพระเจริญ ผู้ก่อตั้งโรงบยาบาล	3	Chula
ให้คนไข้รอนานมากรอผ่าตั้งแต่7โมงเช้ากว่าจะได้ผ่าก็เที่ยงวัน รอจนไส้ติ่งแตก ทำงานกันไงว่ะอึดอัดว่ะไม่รุ้จะพูดไง	2	Chula
มันก็เป็นบางคนแส่วนมากอยากหั้ยปรับปรุงในการพูดจาแขกผู้มาใช้บริการให้มากกว่านี้เพราะเป็นโรงพยาบาลที่มีชื่อเสียงมากอีกโรงพยาบาลหนึ่งในประเทศไทยถ้าคุณใส่ชุดขาวหรือทำงานฝ่ายใดฝ่ายหนึ่งแล้วมาพูดแบบนี้ดูแล้วมันส่อสันดานนิสัยไพร่ออกมาอย่าลืมนะค่ะเงินเดือนพวกคุณมาจากภาษีเขาทั้งนั้นสรุปขอหั้ยอบรมณ์กันใหม่ด้วย ขอบคุณค่ะ	5	Chula
บริการดีคะ พูดจาสุขภาพ...ให้คำแนะนำได้ดีมาก	5	Chula
พึ่งเข้าไปรักษาตัวที่นี่ รู้สึกประทับใจคุณหมอ พยาบาลที่นี่มาก กับรอยยิ้มที่มอบให้ ทุกท่านรักษาเราไม่ใช่แค่ใช้ยา แต่ใช้ใจด้วย ทำให้ดิฉันรู้สึกดี เหมือนไม่ป่วยเลย	5	Chula
มาครั้งแรก การบริการของโรงพยาบาลดีมากเลย	4	Chula
คือผมเข้าใจน่ะ ว่าเป้นโรงบาลรัฐแต่คุณป้าช่วยพูดจาดีๆ หน่อย ผมก้ทำงานบริการน่ะผมเข้าใจ #ป้าที่ใส่แว่นอยู่ชั้น4 #ตัวเล็กๆ #หน้าห้องปฎิบัติการกลางน่ะ #ร้องเหี้ยหนักมาก	1	Chula
คนเยอะ รอนานเกิ้นนน	3	Chula
ตึกภ.ป.ร.ช่องที่รอคิวช้ามากเลยค่ะรอนานกว่าจะได้ไปสถานีต่อไป	4	Chula
ดีค่ะเพราะใช้บริการของทางโรงพยาบาลทั้งครอบครัว	4	Chula
ตั้งแต่ไหนแต่ไรมา ผมรู้สึก และรับรู้มาโดยตลอด ด้วยตัวของผมเอง ว่า รพ.จุฬาลงกรณ์ เป็นสถาบันการแพทย์ ที่ดีที่สุด แม้คนจะเยอะมาก แต่ผมไม่เคยได้รับการปฏิบัติที่ไม่ดี แต่ครั้งนี้ พ่อของผม ได้ไปตรวจร่างกาย ต่อมลูกหมากที่นี่ กับคุณหมอ รศ. ท่านหนึ่ง ซึ่งการตรวจคลินิคนอกเวลา จะมีการจอง จัดคิว ที่เป็นระบบที่แน่นอน แต่ทำไมเวลาคนไข้จะสอบถาม ถึงได้มีอาการรีบร้อน ร้อนรน ผมรู้ ว่าท่าน รศ. อาจารย์หมอ มีอีกหลายที่ต้องไปตรวจที่ได้เงินมากกว่าที่นี่ แต่ถ้าท่านมีหลายที่ ด้วยระดับความสามารถท่าน ทำไมถึงยังต้องทำงานราชการด้วย ที่ผม ไปหา ไปตรวจ ที่ รพ.จุฬา เพราะว่า...ไปที่นั่น ไม่ต้องเลือกหมอ ที่นั่นเก่งทุกคน แล้วก็มารยาท การปฏิบัติ ก็ดีมาโดยตลอด	1	Chula
ห้องน้ำเหม็นกระดาษไม่มีสำหรับครีนิคบ่ายสกปรกมากวานผู้บริหารดูแลด้วยขอบคุณค่ะ	5	Chula
เป็น รพ.ที่ดีมาก	3	Chula
มาที่ตึกสถาบันโรงมะเร็งบริการดีคะคุนหมอพูดจาดีมากนางพยาบาลก็ดีให้ความรุ้ดีพูดจาดีหมดสิ่งไหนเราไม่รุ้เขาจะให้คำตอบดีมากรุ้สึกไม่ผิดหวังคะ	5	Chula
คุณหมอพูดดี รักษาดีมาก ไม่ว่าเป็นอะไรไว้ใจการรักษาที่นี่มากกว่าโรงพยาบาลเอกชนหลายๆโรงพยาบาล แต่นางพยาบาลเป็นอะไรครับ(บางคน) ดุไปไหน!! แล้วงงกะคิวมาก ทั้งที่มีตู้กดอัตโนมัติ ได้คิว 169 คัดกรองเสร็จอะไรเสร็จ ลำดับที่ 062 ห๊ะ!!! งี้ก็แย่ดิ คนกดบัตรคิวก่อน แต่ยังทำอะไรไม่เสร็จเลยเยอะมาก แต่คนเสร็จรอคิวหมอแล้วกลับยังไม่ได้ รอไปสิครับ 100 กว่าเลข สองสามชั่วโมงได้ เห้อ!!!	3	Chula
บริการดีมาก..ค่ะ	5	Chula
คุณหมอและพยาบาลบริการดีทุกท่านครับ	5	Chula
ดีครับ	4	Chula
#พยาบาลบางคนกิริยาต่ำ! ย้ำนะคะบางคน เลือกปฏิบัติ! เอ่ยชื่อเรย พยาบาลตึกนวมิน ปฏิบัติกะคนไข้ได้ค่ตส้นตีน ตัวเรามานอน5วันไม่เคยเผลี่ยนผ้าปูเตียงไห้ซักครั้ง ก้อไม่เท่าไร แต่พอพยาบาลอีกคนจะเปลี่ยนไห้ นางรีบบอกเรยนะ ไม่ต้องๆขี้เกียดเหนื่อย! ( แถมทำหน้าไม่สบอารม ) คือ เหนื่อยก้อพอรุันะ แต่พุดต่อหน้ากุขนาดนี้ ไห้คิดไง?	1	Chula
การบริการดีบรรยากาศก็ดีแต่คนไข้เยอะมากแทบทุกวัน	5	Chula
แย่มากๆทั้งหมอและพยาบาลยิ่งพยาบาลด้วยไม้ต้องพูดถึงค่าคนได้อย่างเลือดเย็นไครได้กับตัวไม้รู้ว่าพยาบาลทำกับคนไข้อย่างไรคนที่ทูกผ่าตัดนั้นไม้ต้องพูดถึงเลยรักษาเหมือนหมาตัวหนึ่งเท้านั้นยาไม้ให้แล้วยังไส่ความได้เก่งมากๆๆๆหมอไม้รู้ก็ไปเชื่อมันว่าเป็นเรื่องจริง	2	Chula
ขอบคุณแพทย์พยาบาลที่ดูแลผู้ป่วยเป็นอย่างดีนะคะ ใช้บริการสองครั้งแล้วค่ะ	5	Chula
เจ้าหน้าที่ห้องตรวจศัลยกรรม หน้าตาไม่ยิ้มแย้ม พูดจาไม่สุภาพกับคนไข้	5	Chula
ห้องพักญาติผู้ป่วยหน้าห้องฉุกเฉินแอร์เสียเมื่อไรจะซ่อมซักที	5	Chula
รอนานฉิบ!!	1	Chula
เคยตรวจสุขภาพรอนานมาก	3	Chula
หมอเก่งมากโหดมาก 555+ ใจดีด้วยครับ ตัดสินใจ เด็ดขาด แน่วแน่ !! แนะนำเลย !! ทำเรื่องเร็วมาก เด็ดขาดจริงๆ !! ผมรับประกัน !! ปล.หมอก็หล่อ พยาบาลก็น่ารักด้วยครับ ^^	5	Chula
ที่คลินิคส่องกล้อง ชั้น 3 ตึกผู้ป่วยในพิเศษ อย่าจะขอให้มีบัตรคิว คนไข้มารอคลินิคเปิดแต่เช้า พอเปิดเกิดความวุ่นวายมาก ต่างคนต่างแย่งกันวางคิว ห้องน้ำก็ไม่มีต้องลงไปเข้าช้ัน 1 ขึ้นลงไปมา ขอให้ทาง รพ.ปรับระบบการเข้าใช้บริการด้วยคะ	3	Chula
บริการดี ดูแลคนไข้ดี ผลการตรวจรวดเร็ว เครื่องมือทันสมัย แม้คนไข้จะเยอะ ทั้งคุณหมอ คุณพยาบาล ทั้งเจ้าหน้าที่ บริการดีค่ะ ขอชื่นชมค่ะ	5	Chula
เป็นโรงพยาบาลที่ดีที่สุดค่ะ เพื่อคุณภาพชีวิตที่ดีของทุกคนค่ะ	5	Chula
คุณหมอ พยาบาลใส่ใจคนไข้ แต่รอคิวนานมากกกก	4	Chula
ให้บริการดีมากครับ	5	Chula
สอบถามหน่อยครับ พอดีเมื่อประมาณปลายปี 2555 ผมเคยไปใช้บริการแผนกทันกรรมครับ ผ่าฟันคุดไปสองครับ อยากทราบว่า ณ ปัจจุบันนี้ ยังเหมือนเดิมอยู่หรือเปล่า เพราะตอนนั้นที่ไปผ่าฟันครั้งแรก ไปถึงได้ผ่าเลยครับ ไม่ต้องนัดมาใหม่ครับ หรือว่าขึ้นอยู่กับช่วงเวลาครับ การให้บริการของหมอประทับใจมากครับ ผมอยากได้เบอร์แผนกทันตกรรมครับ ผมจะผ่าฟันคุดอีกครับ เพื่อผมจะได้ติดต่อสอบถามครับ ใครทราบช่วยบอกผมหน่อยนะครับ #ขอบคุณครับ	5	Chula
ดูแลคนไข้ดีมาก ใส่ใจในการรักษา พูดจาไพเราะ ยิ้มแย้มแจ่มใจ แต่มีบ้างบางจุด ที่ไม่ค่อยอธิบายอะไรเท่าไร เพราะบางคนไม่เคยมาเลยไม่รู้ต้องไปตรงใหน ทำอะไรบ้าง แต่ก็เข้าใจ เพราะมีคนไข้เยอะ เจ้าหน้าที่อาจดูแลไม่ทั่วถึง	4	Chula
ถ้าแก้ไขเรื่องที่ตอดรถได้จะดีมากๆ	3	Chula
รู้สึกประทับใจกับการบริการหมอก็เก่งพยาบาลและผู้ช่วยพยาบาลเป็นกันเองมากคะ่รู้สึกชอบมากช่างสมกับคำพูดที่ว่าดูแลคนไข้ด้วยใจจริงๆค่ะ	5	Chula
เซ็งมากเลยนัดมาผ่าตัดตั้งแต่ตุลาคม2557จนวันนี้29มีนาคม2558 นัดมา4-5รอบ แต่กับเลื่อนไปเรื่อยๆ ไม่เจ้าใจเลยจิงๆ มารอทั้งวันตั้งแต่7โมงเช้า จน5โมงเย็นเรียกไปพบกับบอกว่าเตียงเต็มบ้าง มีแต่ห้องพิเศษ หมอไปต่างประเทศ ทำใจค่ะเหนื่อยมากโรงบาลนี้ ไม่ไหวจิงๆนัดไม่เป็นนัด	1	Chula
เฉพาะที่ตึกนวมินทร์(ชั้น10) เจ้าหนัาที่พยาบาลรวมทั้งแม่บ้าน. บริการดี.แนะนำคนไข้ดูแล_ห่วงใยดีค่ะ....้	3	Chula
คุนหมอพยาบาลอะไรบริการดีพูดดีหมดค่ะ แต่มันมีพนง.หน่วยบริการ(ญ)บางคนนะคะทำนิสัยแย่มากค่ะ พูดจาก้อไม่ดี อยากทราบว่าชอบข่มหรอคะ ถ้าพูดจาแบบนี้ก้อไม่สมควรทำงานด้านบริการนะคะ ค่อนข้างมึอายุแล้วควรพูดจาดีๆหน่อยถ้าหากเขาร้องเรียนกันมากๆอาจจะไม่มีที่ไหนรับทำงานแล้วนะคะ ถ้าปรับปรุงได้ปรับปรุงนะคะ(หากไปอีกครั้งยังทำนิสัยไม่ดีอีกขออนุญาตลงรูปให้คนอื่นดีนะ)	3	Chula
ห่วยแตกมาก รอแฟ้มชั้น 3 บอกแฟ้มมาชั้น 2 ชั้น 2 บอกแฟ้มมา ชั้นล่าง รอแม่งมา 3 ชม ละ จน รพ จะปิด ยังไม่ได้ตรวจ ระบบการจัดการแย่มาก	1	Chula
โรงพยาบาลเพื้อประชาชน	4	Chula
ขอบคุณสำหรับระบบบัตรคิว คนรอเป็นร้อยเครื่องเปิดตีห้าครึ่ง เพื่อ!!! แก้ไขด่วนคับ ครั้งที่2 ใน3เดือน เหมือนเดิมเป๊	3	Chula
พ่อป่วยเปนไขกระดูกฝ่อหมอในตัวจังหวัดส่งตัวเข้าร.พ.ในกรุงเทพเลยเลือกร.พ.นี้เพราะรักษาฟรีแต่ค่ารักษาเจาะไขกระดูกนั้นแพงมาก900000บาทเลยยังแอบดีใจที่มันฟรี แต่พอรวบรวมญาติที่จะมาเจาะไขกระดูกช่วยพ่อนั้นหมอกลับบอกว่าออกค่าใช้ จ่ายเองทั้งหมดสงสารพ่อตอนนี้ยังไม่ได้รักษาเลยเพาะไม่มีเงิน	1	Chula
รถติดดีแล้วฝึกให้ตื่นเช้า	3	Chula
ผมเป็นเจ้าหน้าที่ รพ.ราชบุรี /ศ.referจุฬาฯ ตอนเวลา 13.20 น.ของวันนี้ เจ้าหน้าที่ผู้หญิงที่รับสายจาก รพ.ราชบุรี ช่วยพูดเพราะๆหน่อยนะครับ ไม่ต้องพูดแดกดันเสียงดัง รู้พวกท่านกำลังยุ่งมาก เอกสารrefer ที่จะส่งไปมันเป็น ผู้หญิงที่ท้องได้ 24 สัปดาห์ + กับท้องแฝดด้วย มีท้องแข็ง ปัสสวะแสบขัด ลูกดิ้น พวกท่านช่วยรับได้มั้ย แล้วก็ช่วยประสานงานด้วยคงไม่ได้เป็นภาระมากมายนะครับ	1	Chula
เวรเปลปากหมาค่ะ ควรเอานิสัยแย่ๆกลับไปใช้กับคนที่บ้านนะคะ อย่าเอามาใช้กับคนอื่น อย่าใช้อารมณ์มากกว่าเหตุผล มันทุเรศค่ะ แก่แล้วต้องให้เด็กถอนหงอกมั้ยคะ??	1	Chula
คุณแม่ได้รับการส่งตัวมาที่โรงพยาบาลจุฬาจากโรงพยาบาลบางไผ่ ได้มีการนัดตรวจ และเอ็กซเรย์ตับเพื่อตรวจหามะเร็ง คุณหมอท่านที่ตรวจบอกคุณแม่ว่าไม่ต้องใช้ใบส่งตัวให้มาตรวจได้เลยและนัดวันเสร็จสรรพ พอถึงวันนัดตรวจพนักงานที่เคาน์เตอร์บอกว่าถ้าไม่มีใบส่งตัวจะไม่ตรวจให้และให้คุณแม่มาใหม่ สรุปคุณแม่ต้องอดอาหารเสียเวลา อดหลับอดนอนไปรอโดยไม่ได้อะไร ขอความกรุณาทางโรงพยาบาลปรับปรุงเรื่องการบริการ และระบบการทำงาน	1	Chula
ผู้เฒ่าผู้แก่มานั่งรอประตูเปิดเวลา 6โมงเช้าพอประตูเปิดทุกคนวิ่งเพียงเพื่อเอาบัตรที่นัดไปเสียบแต่ไม่ใช่ที่1กับเป็นที่เท่าไรไม่รู้มีบัตรนัดเสียบอยู่แล้วเป็นสิบ. อยากทราบเกิดอะไรขึ้นมานั่งรอตี5 เป็นญาติคนไข้ค่ะแก่วิ่งไม่ได้ ผู้ใหญ่ของโรงบาลลองไปดูตอน6โมงเช้าซิค่ะว่าเค้าวิ่งเหมือนหนีตายกันจริงๆ5555วิ่งไปเสียบบัตรค่ะ	4	Chula
พยาบาลพูดเพราะมากเลยครับ..หมอก็พูดจาไพเราะอธิบายเข้าใจง่ายตนป่วยอยู่ใกล้ก็มีกำลังใจ	5	Chula
พาลูกมารักษาตัวตั้งแต่ 4 พย 47 ตอนนั้นหมอบอกว่า เขาจะอยู่กับเราได้อีกไม่เกิน 3 อาทิตย์ รู้สึกมืดมนไปหมด ตอบหมอไปว่า ผมสู้ ลูกผมก้อสู้ ผมมีเงินเก็บอยู่ก้อนหนึ่ง ผมยกลูกให้คุณหมอเลยครับ จากวันนั้นจนถึงวันนี้ ลูกผมยังแข็งแรง ใช้ขีวิตได้อย่างปกติ ปีหน้าจบป.ตรีที่เกษตรศาสตร์ฯแล้ว อยากบอกทุกคนว่าอดทนหน่อยครับ หมอที่นี่เก่งมากๆ เครื่องมือแพทย์ทันสมัยไม่แพ้เอกชนหรอกครับ ค่ารักษาถูกกว่ามากและมีการช่วยเหลือด้านอื่นๆอีก ปัญหาเรื่องคน พบอยู่ทุกที่ ใจเย็นๆครับ มาถึงที่นี่แล้วญาติเราได้รับการรักษาที่ดีแน่ๆ.	4	Chula
แย่มากกก บุคคลากรไม่มีคุณภาพ ควรพัฒนาอย่างมาก ควรมาตรวจสอบหมอ กับพยาบาลว่าการกระทำที่ทำกับคนไข้เป็นยังไง ไม่ใช่สนใจแต่ขยายอาคาร	1	Chula
ดีคะ แต่ที่จอดรถน้อยไปนิด	5	Chula
สาธุดีเยี่ยมครับ	5	Chula
ตรวจละเอียดเป็นขั้นเป็นตอนดีค่ะ เจ้าหน้าที่ก็พูดจาไพเราะขึ้นกว่าเมื่อก่อน แต่เวลานัด มีคิวลัดเยอะไปนิดนะคะ พอหลังจากกลับบ้าน ก็มักมีของแถม คือไข้ หรือหวัด และไอจาม ตามกลับด้วยอ่ะ	4	Chula
ฉันว่าเป็นโรงพยาบาลดีระดับหนึงเท่าเคยผ่านมาแต่ยังไม่เคยใช้บริการเคยมาเฝ้าคุณแม่และพี่เขยนอนโรงบาล คุณหมอและพยาบาลอัทยาสัยดีมาก นี้คือความคิดเห็นของคน ต จ ว ค่ะ	4	Chula
รู้สึก แย่ ค่ะ	1	Chula
ผ่าคลอดฉุกเฉินเมื่อต.คที่ผ่านมาค่ะพักห้องธรรมดาชั้น5รู้สึกตัดสินใจผิดมากที่เลือกคลอดที่นี่การดูแลของพยาบาลชั้น5แย่มากๆหลายๆอย่างเลยจริงๆ พยาบาลห้องเด็กก็พูดจาไม่ดีเลย ทั้งที่เราคลอดก็ใช้เงินสดค่าผ่า17,800 แถมผ่าแนวตั้งอีกโบราณมากแผลไม่สวยเลยพอวันกลับบ้านหน้าตึกไม่มีแท็กซี่บอกร.ป.ภเขาก็บอกให้เดินออกไปเรียกรถเองคือเดินไกลมากๆ	2	Chula
สถานที่เงีนบสงบน่าอนุรักษ์ไว้ค่ะ	5	Chula
ห้องน้ำตึกภปรชั้นสามเหม็นมากกระดาษก็ไม่มีกรุณปรับปรุงด้วยค่ะ	1	Chula
ยังไม่เคยรับบริการ เนื่องจากการเดินทางไม่สะดวก แต่ได้ชมรายการครบรอบ 100 ปี โรงพยาบาลจุฬาลงกรณ์ ได้รับทราบถึงการพัฒนาทางการแพทย์และอุปกรณ์การแพทย์ ที่ทันสมัยมาก	5	Chula
รู้สึกประทับใจมากๆๆๆๆดีมากค่ะทั้งอาจารย์หมอและคุณหมอรักษาดีมากค่ะดูแลคนไข้ตลอดนัดติดตามตลอดและโทรถามคนไข้ขอขอบคุณอาจารย์หมอและคุณหมอทุกๆคนค่ะที่ได้รักษาสามีของนู๋มาตลอดค่ะสามีรักษาโรคมะเร็งเม็ดเลือดขาวอยู่ที่ร.พจุฬาลงกรณ์ค่ะ	5	Chula
"เป็นโรงพยาบาลที่รักษาตัวผมเองเมื่อครังป่วยเป็นมะเร็ง..รักษาดีมากๆครับดูแลเอาใจใส่เราตั่งแต่พยาบาลจนถึงหมอผู้ตรวจร่างกายวิเคราะห์วินิจฉัยทางของโรคได้แม่นมากและลงมือรักษา.จนกระทั้งทุกวันนี้ผมหายป่วยแล้วครับขอบคุณเจ้าหน้าที่ผู้ทำการรักษาทุกๆทานครับขอบคุณจากใจจริงชื่อของผม.นาย.ทฤษฎี.สาริกภูติ """"อนุญาตให้แชร์หรือโพสให้ผู้อื่นรับทราบได้ครับ"""""	5	Chula
คุณหมอทุกท่านเก่งและ ให้คำเเนะนำดีค่ะ ใจดีด้วย	4	Chula
วันนี้มาหาหมอที่โรงพยาบาล ระบบการทำงานแย่มากเลยค่ะ มานั่งรอตั้งแต่7โมงถึง10โมง ถามพยาบาล พยาบาลบอกไม่มีแฟ้ม แฟ้มยู่ชั้นหก มาชั้นหกบแกแฟ้มยังไม่ส่งมา ลงมาถามแฟ้มประวัติชั้นล่าง ชั้นล่างบอกพึ่งส่งแฟ้มมาตอน9.45 แต่บัตรนำทำนัดมาเป็นเดือนและในบัตรนัดบอกเวลา7.30-8.30น แต่แฟ้มบัตรส่งมา9.45 นี้ทำงานเป็นระบไมค่ะะถามหน่อยค่ะ แล้วถามพยาบาลก็พูดจ้าแย่มาก พนักงานชั้น6ตึก ภปร พูดจาแย่มากค่ะ ถ้ามีพนักงานพูดจาแย่ขนาดนี้จิตใจคนไข้แย่นะค่ะ ช่วยพาพนักงานไปอบรมหน่อยนะค่ะเรื่องการพูดจากะคนไข้อ่ะค่ะ	1	Chula
พ่อกูเป็นไข้หนาวเค้าขอผ้าห่ม พวกมึงนี่แม่งใจดำ ก็แค่ผ้าห่ม มึงบอกห่มผ้าแล้วไข้จะไม่ระบายแล้วเสือกทำท่าไม่พอใจ ไล่กูอย่างกะหมูกะหมา กูอุตส่าขอดีๆนะ ทำงานกันแบบนี้ รอให้เป็นญาติพวกมึงบ้างแล้วกัน ถึงว่าแม่งห้ามถ่ายรูป เพราะทำงานงี้ไงเค้าถึงถ่ายไปลงยูไลค์ กูป่วยตายแค่ใหนก็อย่าพากูมาที่นี่นะ มีวิชาชีพช่วยคนแต่เสือกกวนส้นตีน ขอระบายหน่อย ใครเคยมาคงรู้	1	Chula
สุดยอดเลยค่ะ เพราะเรื่องบริการที่ต้อนนี้ปรับปรุงดีมากค่ะ	5	Chula
ชอบบุคลากรที่นี่มาก อดทน ใจเย็น สมกับเป็นคนของประชาชนจริงๆ..นะคะ	5	Chula
เจ้าหน้าที่ดูแลตึก ภปร. วันที่ 23 กค 58 ผู้หญิง ที่อายุเยอะๆหน่อย แย่มากค่ะ เข็นรถคุณพ่อไปในลิฟท์ แล้วบอกญาตห้ามเข้าให้ไปรอหน้าลิฟท์ชั้น 3 ปรากฎว่าพอไปรอ ไม่มีค่ะ รถเข็นคุณพ่อหาย วิ่งหากันอยู่หลายชั้น ปรากฎว่าโดนเอาไปทิ้งไว้ชั้น 1 คืออะไรคะ!!!	1	Chula
อาจารย์หมอธนาพงษ์ เก่งและยอดเยี่ยมมากมากค่ะ (คลินิกพิเศษ จักษูุกรรม)	5	Chula
ทำใจไปแล้วว่าต้องรอนาน แต่ไม่เป็นไรค่ะถูกใจหมอชาลา แผนกเวชศาสตร์ฟี้นฟูเข้าใจคนไข้ดีจริงๆ หายเหนื่อย	5	Chula
ดีมาก แยกโรคเฉพาะทางดีครับ	5	Chula
เคยได้สัมผัสกับการประทับใจอยู่ ช่วงหนึ่ง ครั้งที่ลูกสาวไปคลอด แต่ลืมหน้าตาเจ้าหน้าที่คนนั้นไป แล้ว	3	Chula
เป็นคนไข้โรงพยาบาลนี้มานาน30กว่าปี รู้สึกขอบคุณสถานที่และบุคลากรทุกภาคส่วน ถึงแม้จะต้องอดทนรอสูงทุกครั้งเพราะเป็นขั้นตอน	3	Chula
ไว้ใจใช้บริการมา20กว่าปีแล้วคะแต่การเจอะเลือดคิวยาวมากรอนานโดยเฉพาะชั้น4แต่โดยรวมดีมากคะ	5	Chula
คุณหมอเก่งคะ	5	Chula
สถานที่หรือชื่อเสียง ดีอยู่แล้วแต่ทำไมการรักษาไม่ได้เรื่องเท่าไหร่ในการรักษา	2	Chula
ดีเยี่ยม ทุกอย่างคุณหมอ พยาบาลน่ารักมาก ไปคลอดลูกสาว ที่ร.พ ตอนนั้นอายุ28ปี ตอนนี้ลูกสาวอายุ14แล้วค่ะ	5	Chula
ชอบค่ะ ของเค้าดีจริง	5	Chula
ห่วยไงครับเรื่องระบบการบริหารงานโดยเฉพาะห้องแฟ้มประวัติ แค่จะทำเรื่องขอแฟ้มไปตึกที่ตรวจ ผ่านไป 2 ชั่วโมงเรียกคิวได้ 10 คน เปลี่ยนระบบเถอะครับ	1	Chula
ไม่อยากมาอีกนะแม่หายแล้ว แข็งแรงดี ไม่มีโลกอีกแล้ว	4	Chula
นัด 10:30 น. ได้ตรวจ 12:00 น. สั่งให้ไปเอ็กซเรย์ ตอนเที่ยง ลงไปถึง ห้องเอ็กซเรย์ปิดหมดแล้ว ให้มาใหม่พรุ่งนี้ เดินทางมาจากต่างจังหวัดเสียเวลา เสียค่าเดินทาง ไม่ได้อะไรเลย บริหารงานเป็นไหมอ่ะ หมอตรวจได้ชั่วโมงละกี่คนไม่รู้เหรอ รับนัดคนไข้ให้มันพอดีคนได้ไหม เผื่อเวลาให้คนไข้ไปเอ็กซเรย์ด้วยได้ไหม	1	Chula
เคยไปรักษาตัวทีานั่นเขสดูแลดีมากๆๆๆๆ	4	Chula
เป็นโรงพยาบาลที่แย่ที่สุดเท่าที่เคยเจอมาพยาบาลไม่ใส่ใจอะไรเรย	1	Chula
คืนนี้ต้องเดินทางไปโรงพบาลจุฬาลงกรณ์ ครับ เบื่อก็ต้อง	1	Chula
มีบริการการแก้หมันมั้ยคะพอดีสนใจอ่ะค่ะ ค่าใช้จ่ายแพงมั้ยคะ	3	Chula
ช้าหน่อยแต่ก็okค่ะ	5	Chula
เวลาฉุกเฉินติดต่อที่เบอร์ข้างถุงยาไม่มีคน รับสาย กดอื่นๆอะไรก็แล้ว แก้ไขด่วนกรณีคนป่วนฉุกเฉินไปถึงโรงบาลควรมีหมอพร้อมไม่ใช่คนป่วยต้องรอหมอ (ลูกปวดท้องมากๆร้องไห้จนตัวง้อ พยาบาลบอกว่าหมอเด็กไม่รู้ไปไหน โทรตามแล้ว ไปตามแล้ว ให้รอก่อนคะ)การบริการดีพร้อม แต่ควรมีหมอพร้อมเช่นกัน	4	Chula
ที่จอดรถแพงอะ...แร้วเก็บเพื่อ?????................	4	Chula
ดีมากครับ	5	Chula
อยากถามว่าฝากท้องเสียค่าใช่จ่ายเท่ารัยคะ	5	Chula
ปรับปรุงการเรียกคิวหน่อย	1	Chula
บางคลีนิคมีบ้างเจ้าหน้าที่อารมย์บ่จอยเข้าใจอะนะว่า คนไข้เยอะมากๆแต่เดียวนี้ขยายสถานที่.ภปร ให้มีร้านอาหารสะดวก	5	Chula
การมาหาหมอแต่ครั้ง ถึงจะมีบัตรนัดแล้วก็ต้องมายื่นบัตรแต่เช้าเพื่อที่จะได้รับการรักษาที่รวดเร็วแข่งกับเวลา	4	Chula
คลอดน้องดูแลดีมาก	4	Chula
บริการดีคุณหมอเก่งแต่รอนานค่ะ	5	Chula
ไปใช้บริการ รพ.ใหนก็ไม่ถูกใจเหมือน รพ.นี้เลย แต่คนเยอะมาก บางทีก็ลัดคิวกันเลยต้องหงุดหงิดเลยทีเดียว	5	Chula
ขอบคุณค่ะ อยากรีวิวแบ่งปันประสบการณ์เผื่อว่าผู้บริหารโรงพยาบาลจุฬาจะได้ตรวจสอบการทำงานของเภสัชกร คลินิกพิเศษนอกเวลา วันเสาร์ช่วงครึ่งวันเช้า ก่อนเที่ยง ไม่ทราบว่าเป็นเพราะเหตุใด เชื่อไหมว่าเราต้องไปพบแพทย์ที่โรงพยาบาลจุฬา ทุกเดือนหละ1 ครั้ง เรานัดวันเสาร์เช้า เพราะหมอออกตรวจ 9.00-12.00 น. แต่ไม่ว่าเราจะได้พบหมอเร็วหรือช้าก้อตาม เราก้อกลับบ้านหลังสุดทุกครั้งเป็นเวลาปีเกือบสองปีมาแล้ว เป็นความรู้สึกแย่มากๆๆๆ เราไปพบหมอเร็วก้ออยากได้กลับเร็ว ซึ่งบางครั้งเภสัชกรทุกวันเสาร์ของทุกเดือนที่อยู่เวรมาใช้ให้เราไปเดินใบยาเองด้วย ให้เราขึ้นไปเอายาชั้น 11 เอง บางครั้งก้อบอกว่ายาเบิกไม่ได้ หมอเขียนใบสั่งยาไม่ถูกระเบียบกระทรวงสาธารณสุขให้เราเอาไปให้หมอเขียนใหม่ เคยมีครั้งหนึ่งที่เราสุดทนเพราะเภสัชกรที่ห้องยาชั้น 3 บอกว่าให้เราไปพบหมออีกคนแล้วให้หมอคนใหม่ที่เราไปหาสั่งยาให้เหมือนกับหมอประจำตัวเรา ตลกสิ้นดี แต่ตอนเกิดเรื่องขึ้นเราพูดไม่ออกเลย หมดคำพูดที่จะพูดเพราะไม่รู้ว่าใช้อะไรยังไงคิด งงมากเลยค่ะ แต่ที่ให้คะแนนถึง 3 ก้อเพราะว่าหมอที่รักษาอยู่ด้วยดูแลรักษาดีมากๆๆๆๆๆค่ะ	3	Chula
ดิฉันชอบมากๆทุกๆด้านของการเอาใจใสทุกๆชนชั้นค่ะ.โรงพยาบาลนี้รักษาคนไข้เสมอภาคค่ะ	4	Chula
ดีมาก	5	Chula
หมอดูเเลดีมาก เเต่ระบบห่วยเเตกอย่างเช่นวันนี้ระบบคอมล่มสิทธิไม่ขึ้นคนไข้ไม่ได้ยากลับบ้าน พนักงานชั้นล่างช่องประกันสังคมตึกภปร.ก็ชอบใส่อารมณ์ชักสีหน้า	2	Chula
หมอเก่ง......ค่ะ....คลินิคพิเศษ สะดวกดี ไม่แพงอย่างที่คิด.....เป็นค่าขยันของทุกคน และ สะดวกของผู้ใช้บริการ ที่ไม่ต้องการความแออัดในวันปกติ.....	3	Chula
บริการห่วยแตกมากและมากสุดๆ ให้ไปกดบัตรคิว นั่งรอเป็นชั่วโมงสุดท้ายบอกตรวจไม่ทัน #แย่	1	Chula
นานเกิ๊น	1	Chula
ฝากครรภ์ที่โรงพยาบาลนี้ทั้ง 2 ท้อง เจ้าหน้าที่ พยาบาล รวมถึงแพทย์เจ้าของไข้ ให้บริการและดูแลเป็นอย่างดีค่ะ	5	Chula
อยากทราบว่าจะทำการเลื่อนนัดต้องติดต่อที่ใหนค๊	4	Chula
ได้รับบริการที่ดีมาก คนไข้เยอะมาก แต่พยาบาลและเจ้าหน้าที่ขยันขันแข็งทุกคน เห็นแล้วเหนื่อยแทน ขอบคุณคุณหมอสุรินทร์ อัศววิฑูรทิพย์ ที่ให้การรักษามาตลอด เป็นความโชคดีของครอบครัวเราที่ได้รักษากับคุณหมอ กราบขอบพระคุณค่ะ	5	Chula
