0	score	hospital
เป็นโรงพยาบาลที่ดีมากๆคะเคยรักษาเนื้องอกที่มดลูกพยาบาลเอาใจใส่คนไข้มากๆๆถึงมากที่สุดนอนห้องรวมเหมือนห้องพิเศษเลยคะอยู่ใกล้ชิดพยาบาลตลอดเวลาพยาบาลถามอาการทุกๆ1ชม.ห้องน้ำ เตียงนอน อาหารการกินเค้าดูแลเราเหมือนญาติจริงๆนะคะอาบน้ำเช็ดตัวขอปรบมือให้พยาบาลทุกๆคนจริงๆคะไม่ผิดหวังเลยคะที่เข้ารักษาตัวที่รพ.นี้นะคะประทับใจมากๆคะอยากรักษาที่ศิริราชต่อไปคะขอบคุณคะ	5	Siriraj
รพ.ศิริราช คุณหมอและพยาบาลน่ารักมากค่ะ ให้คำแนะนำเกี่ยวกับฌรคดีมาก พาลูกไปตรวจตามนัดคุณหมอให้คำอธิบายดีทุกครั้ง ขั้นตอนการตรวจไม่ยุ่งยากห้องรับยาแยกเป็นสัดส่วน เจ้าหน้าที่ห้องยาให้คำอธิบายยาดี ถึงแม้เวลาเดินทางไป รพ.จะไกลแต่ก็ไม่เหนื่อยค่ะกลับมาสบายใจทุกครั้งคุณหมออธิบายแนวทางการรักษาดีมากไม่ต้องกังวลเรื่องโรค	5	Siriraj
"พาคุณย่าไปรักษาโรคมะเร็ง บริการดี รวดเร็วเป็นกันเอง น่ารักมากเลยค่ะ จากคุณย่าหมอบอกเป็นมะเร็งเต้านมระยะสุดท้ายอยู่ได้อีกไม่นานต้องนอนติดเตียงร้องเจ็บตลอดบอกทรมาร พาย่าไปให้คีโม พาไปรักษาหมอให้ยามาทานเรื่อยๆ จนตอนนี้ย่าดีขึ้นเรื่อยๆแล้วค่ะ จากที่เป็นตอนนั้นตอนนี้ผ่านมา2ปีแล้วค่ะ ย่าแข็งแรง เดินได้ กินได้ปกติจนถึงวันนี้เลย เพราะมีหมอและการให้บริการที่ดีจากทางโรงพยาบาล"	5	Siriraj
"พาคุณแม่ไปคลินิกนอกเวลา สูตินรีเวช ขั้นตอนคือ ทำบัตร รพ สามารถทำออนไลน์ หรือไปทำที่ตึกopdชั้น 1 จากนั้น เมื่อได้HN โทรไปนัดที่คลินิกนอกเวลา แจ้งชื่อ HN ระบุวันเวลา ระบุชื่อแพทย์หรือไม่ก็ได้ เจ้าหน้าที่รับนัดให้ข้อมูลได้ดี ละเอียด โทรติดง่ายไม่ยากค่ะเมื่อถึงวันนัด มาถึงก่อนอย่างน้อย ครึ่งชั่วโมง -1 ชั่วโมง คนไข้ค่อยข้างเยอะค่ะ รออย่างน้อย 1-2 ชั่วโมงประทับใจคุณหมอ คุณพยาบาล เจ้าหน้าที่ทุกท่าน คบินิกสูตินรีเวช นอกเวลา บริการดีมากๆ"	5	Siriraj
หน่วยจิตเวชศาสตร์ให้การดูแลผู้ป่วยที่มีปัญหาด้านอารมณ์ จิตใจ บรรยากาศภายในแผนกค่อนข้างสบายตา เจ้าหน้าที่ แพทย์ พยาบาล เป็นกันเอง การรับบริการอาจจะไม่ได้เร็วเท่าโรงพยาบาลเอกชนแต่ก็ไม่ได้ช้ามาก ไม่ต้องรีบมารับคิวหมอตั้งแต่เช้ามืด มีระบบนัดคิวผู้ป่วย  มีบริการรับยาแยกออกมาจากผู้ป่วยนอกแผนกอื่นๆ ยกเว้นหลัง 16.00 น.ที่ต้องลงไปรับยาที่ห้องยาชั้น 1 การไปหาครั้งแรกบางครั้งถ้าคนไข้เยอะมากเป็นพิเศษอาจเป็นการทำนัดเพื่อมาในครั้งต่อไปแทน ( แต่เราไปก็ได้ตรวจเลย ) ค่าบริการการให้คำปรึกษา ( ง่ายๆ คือ ค่าหมอ) สำหรับผู้ป่วยใหม่ ไม่นับรวมค่ายา ไม่เกิน 30 นาที 600฿ ครั้งต่อไป 300฿ เราพบหมอเกิน 30 นาทีหลายครั้งมากตั้งแต่ครั้งแรก ก็ได้ราคานี้ หมอใจดี สิทธิ์ก็ตามปกติทั้งจ่ายเอง ข้าราชการ บัตรทอง ประกันสังคม แล้วแต่คน ที่นี่เป็นโรงเรียนแพทย์ ดังนั้น แพทย์จะหมุนเวียนตลอด แต่ก็จะมีอาจารย์แพทย์ประจำ แพทย์ที่หมุนเวียนไม่ใช่นักศึกษาแพทย์ แต่เป็นแพทย์ที่เรียนเฉพาะทาง ก็คือ จิตแพทย์นั่นแหละ ที่นี่ปกติแล้วส่วนใหญ่ถ้าจะมีการแอดมิดคนไข้ก็จะส่งต่อไปที่สถาบันกัลยาฯ นอกจากนี้ยังการทดสอบต่างๆ เช่น การทดสอบไอคิว หรือมีการให้คำปรึกษา การทำจิตบำบัด การเข้ากลุ่ม โดย นักจิตวิทยาคลินิก ด้วย	5	Siriraj
ให้การรักษาดี รวดเร็ว มีนักศึกษาแพทย์มาร่วมวินิจฉัยด้วย เนื่องจากข้อมือหลุดจากการเล่นบาส แล้วล้ม การรักษาไม่ได้ถึงกับผ่าดัด รักษาโดยการเอาตุ้มน้ำหนักมาถ่วงที่ข้อศอกเพื่อให้มันยืดออก แล้วจัดข้อต่อให้เข้าที่ ฉีดยาแก้อักเสบ และเข้าเผือกไว้ อีก1เดือนก็มาเอาเผือกแข้งออก มาดอาการ พอหมอเห็นว่าอาการดีขึ้นก็เปลี่ยนมาเป็นเผือกออ่อน	5	Siriraj
ที่นี่บริการดีมากเลยครับ คนเยอะแค่ไหนเจ้าหน้าที่ก็ทำงานเต็มที่ไม่มีอาการแสดงสีหน้าไม่พอใจให้เห็นเลยครับ เคยพาเพื่อนไปตรวจแล้วเราหาตึกผู้ป่วยไม่เจอ เจ้าหน้าที่ก็พาเราไปถึงที่เลยครับ ต้องรอคิวนานเนื่องจากคนเยอะ แต่เจ้าหน้าที่บริการดีมากเลยครับ สิ่งอำนวยความสะดวกก็มีพร้อมให้บริการคนไข้ โดยรวมแล้วถือว่าพอใจมากเลยครับ #ขอบคุณที่รพ.ให้การดีๆแบบนี้นะครับ	5	Siriraj
เรารักษาที่นี้ครั้งแรกด้วยอาการซึมเศร้า พยาบาลยิ้ม น่ารัก พูดเพราะทุกๆคนเลย เขาไม่แสดงออกเลยว่าหงุดหงิด หรือรำคาญผู้ป่วยที่แสดงออกเสียงดัง หรือควบคุมไม่ได้ เราไม่รู้สึกว่าตัวเองเป็นคนแปลกแยก กลับมีเพื่อนคุยในเรื่องคล้ายๆกัน ระหว่างรอคุณหมอ คุณหมอทุกท่านใจดีมากๆเลย เภสัชก็น่ารัก เราเลือกไม่ผิดจริงๆที่รักษาที่นี้ เรารักศิริราชมากๆเลย	5	Siriraj
บริการเยี่ยมรู้สึกปลอดภัยเมื่อเดินเข้าโรงพยาบาลนี้ ทั้งแพทย์พยาบาลทั้งเก่งและมีความสามารถ ทำให้ผมรู้สึงปลอดภัยและสบาบใจเมื่อเจอบุคลากรที่มีคุณภาพอย่างนี้ มีความประทับใจอย่างมากที่จะกลับไปใช้โรงพยาบาลศิริราชอีกครั้ง ขอบคุณที่คอยดูแลกันมาตลอด ขอบคุณจริงๆครับ หากมีโอกาศจะบอกต่อและใช้บริการอีกครับ  ให้5ดาวไปเลย	5	Siriraj
เราเกิดที่ รพ นี้ค่ะ สมัยก่อนแม่บอกเราว่าคุณหมอและพยาบาลทุกคนที่นี่จัยดีดุแลดีไม่เลือกปฎิบัตร จนกับรวยค่ะ รักที่นี่ปัจจุบันเราไม่เคยรักษาตัวที่นี่เพราะเราแข็งแรงดีค่ะส่วนตัวเพราะที่นี่รักษารนรวยคนจนเท่ากันเพื่อประชาชนที่หาเช้ากินค่ำอย่างเราๆค่ะคุณหมอก็เก่งทุกคนค่ะแฟนเตยถุกรถชนแล้วรักษาที่ศิริราชอาการแฟนก่อน รพ.เอกชนที่นึงจะส่งต่อไปศิริราชบอกไห้เราทำไจไม่ไช่50-50แต่30-70เราร้องไห้จนจะเปนบ้าแต่ รพ.ศิริราชทำไห้เราได้แฟนกลับมาและปกติทุกอย่างขอบคุณจริงๆค่ะ	5	Siriraj
"ประทับใจมากๆเลยครับผมเป็นโรคธาลัสซีเมียตั้งแต่กำเนิดและก็ได้รับเลือดที่โรงพยาบาลศิริราชจนผมได้รักษาปลูกถ่ายไขสันหลังทำให้ปมหายจากอาการผิดปกติที่เกิดขึ้นแต่เพราะโรคธาลัสซีเมียเป็นโรคที่ไม่หายขาดแต่โรงพยาบาลนี้ก็ทำให้ผมได้ใช้ชีวิตปกติแบบคนอื่นได้ครับทั้งนี้แล้วสำหรับตอนนี้ผมยังคงต้องตรวจเลือดตลอดเวลาที่คุณหมอนัดเพื่อดูดีเอ็นเอและค่าต่างๆของร่างกายและยังต้องตรวจตาอีกด้วยซึ่งการตรวจทุกอย่างผมตรวจที่โรงพยาบาลศิริราชครับ"	5	Siriraj
คุณหมอ รวมถึงผู้ช่วยพยาบาลและบุคคลากรของโรงพยาบาลดูแลดีครับ ใช้คำพูดน่าฟังสุภาพเป็นกันเองต่อผู้ป่วย ตอนที่เกิดอาการหอบรีบไป โรงพยาบาล คุณหมอรีบเข้ามาดูอาการแล้วใช้เครื่องพ่นยาพ่นให้ ทำให้สบายขึ้นหายใจได้ดีขึ้น หลังจากพ่นยาก็ยังคอยดูแลอีกซักระยะจนหายดีคุณหมอจึงจ่ายยาให้กลับพักผ่อนที่บ้านได้ รวมๆแล้วโอเคกับโรงพยาบาลที่นี่ครับ	5	Siriraj
"เนื่องด้วยตัวเราเองป่วย และต้องรักษาตัวที่โรงพยาบาลศิริราช มาหลายปี การที่มาที่โรงพยาบาลนี้บ่อยๆทำให้สังเกตเห็นได้ว่า บุคคลากรที่นี่มีคุณภาพมากๆ ระดับดีเยี่ยมเลยจริงๆ ประทับใจตั้งแต่ พนักงานรักษาความปลอดภัย พนักงานเคลื่อนย้ายผู้ป่วย พยาบาล จนกระทั่งหมอ ประทับใจไปหมดทุกอย่างเลยจริงๆ วันนี้ตั้งใจเขียนกระทู้นี้ ให้กำลังใจทุกๆคนที่ทำงานในศิริราช พนักงานรักษาความปลอดภัยเราสังเกตว่าเขาจะตรวจดูในอาคารด้วย เดินดูทั่วอาคารเลย ดูแลความปลอดภัยดีมาก เวลาจะข้ามถนน ที่นี่ คนเดินเท้าใหญ่กว่ารถ และรถเข็นคนไข้ ใหญ่ที่สุด คือถ้ามีรถเข็นจะข้ามปุ๊บ โบกให้รถยนต์จอดก่อนเสมอ พนักงานเคลื่อนย้ายผู้ป่วยเป็นอีกหน่วยหนึ่งที่ปลื้มใจสุดๆเมื่อวานสดๆร้อนๆ เราเองต้องนั่งรถเข็น ฝนก็ตก เราเองจะไปจากตึกสยามมินไปโรงอาหาร ก็ให้แม่เข็นไปให้  พอ พี่พนักงานเห็น เขารีบเข้ามาถามว่า ไปไหนครับ เดี๋ยวผมเข็นให้ พอไปถึงหน้าโรงอาหารมันมีน้ำขังจากฝนตกอยู่ เราเห็นแล้วก็จะบอกว่า พี่ส่งตรงนี้ก็ได้คะ เดี๋ยวจะเดินไปเอง(ใช้ไม้เท้าเดิน) กำลังจะอ้าปากพูดเนี่ยแหละคะ ขาพี่แกก้าวลงน้ำมาแล้ว ทุ่มตัวสุดๆ (รู้สึกผิดในใจ) รองเท้าผ้าใบจมเกือบมิดเลยคะ มันต้องอับไปทั้งวันแน่ๆเลย พอถึงที่ เราก็ยกมือไหว้ขอบคุณ พี่พนักงานยกมือรับไหว้ บอกไม่เป็นอะไรครับ แต่รองเท้าพี่แก แฉะเลย ซึ้งใจมากๆ"	5	Siriraj
"ไปพบคุณหมอที่ศิริราชแผนกจิตเวชเป็นคลินิกพิเศษนอกเวลา คุณหมอเก่งมากๆ พูดจาดี ใจดีมากๆ พยาบาลก็น่ารัก สอบถามเรื่องอะไรก็ตอบอย่างละเอียด ไม่เหวี่ยงไม่วีนเลยค่ะสถานที่ก็ดีค่ะ สะดวกสบาย ทางรพ.จัดได้เป็นระบบระเบียบ  สามารถนัดเวลาไปพบคุณหมอได้ค่ะ รอไม่นานเพราะไปตามเวลาที่นัด ถึงจะเป็นคลินิกพิเศษนอกเวลา แต่ค่าหมอไม่แพงเลยค่ะ ค่ายารักษาราคาจะอยู่ที่ยาแต่ละตัวที่คุณหมอจ่ายค่ะ โดยรวมแล้วดีมากค่ะ"	5	Siriraj
โรงบาลศิริราช ถือว่าดีอำดับต้นๆของประเทศเลบ หมอบริการดี พูดจาดี รักโรงบาลนี้สุด เพราะเคยไปใช้บริการมาหลายครั้ง พยาบาลพูดจาเป็นกันเอง เข้าใจผู้ป่วย ไม่รอนาน ไม่มีโรงบาลไหนดีเท่านี้แล้วละครับ ผมเคยไปนอนที่โรงบาลนี้ เหมือนปลายปีก่อน ตอนนั้นไปติดหวัดจสกการไปเที่ยวต่างประเทศ กลับมาเป็นไข้หวักหนัก เลยแอดมิทที่ฌรงพยายาบนี้ ค่าใช้จ่ายไม่แพง ดีกว่าเอกชนไปอีก	5	Siriraj
"กำลังรักษากับหมอหนังศรีษะที่โรงพยาบาลแผนกผิวหนังชั้น 4 ตึกผู้ป่วยนอก ดีมากค่ะให้การรักษาที่ได้รับผลกระทบน้อยที่สุด เคยรักษาที่โรงพยาบาลอื่นแต่ก็กังวลกับผลข้างเคียงตลอดเลย แนะนำให้ไปในเวลาก็ได้ถ้าสามารถไปได้ในวันธรรมดาเพราะค่ารักษาจะถูกกว่าคลินิกพิเศษ ส่วนตัวเคยไปทั้งสองคลินิกแล้วให้การรักษาดีทั้งคู่ คิวของที่ศิริราชไม่ได้รอนานถ้าเราไปตามวันเวลาที่นัดสำหรับผู้ป่วยใหม่นั้นแนะนำ1.ให้เสียเวลาวันหนึ่งไปทำบัตรผู้ป่วยก่อน ชั้น 1 แต่จำตึกไม่ได้เสร็จแล้วก็ทำการนัดคิว2.ให้มาตามคิวที่นัดได้เลย3.พอตรวจเสร็จก็จะมีการทำนัดครั้งถัดไป"	5	Siriraj
บริการดีมาก ตอนแรกได้ยินคำร่ำลือมาว่ารอนานมาก แต่พอไปจริงๆ ทุกอย่างเป็นระบบมาก คือไม่ได้รอนานอะไรเลย หรืออาจจะเป็นเพราะเราไปคลินิคนอกเวลา ^^ ส่วนในเรื่องของการรักษาโอเคมากคะ ขนาดเรารู้ว่าเราเป็นอะไร แต่ตั้งใจไปที่นี่ครั้งแรกเพื่อที่จะเริ่มตรวจใหม่ทั้งหมด แจ้งอาการไปคุณหมอเหมือนทราบทันที  ทีนี้แต่รอผลเลือดยืนยันเท่านั้น	5	Siriraj
เป็นโรงพยาบาลที่ดีมากค่ะบริการดีหมอดีมากๆค่ะ คือวันที่ฉันไปตอนเช้าค่ะ มีการบริการที่ดีมากจองคิวได้ไวมากค่ะ โรงพยาบาลทำให้เรารู้สึกปลอดภัยที่จะมารักษาโรคค่ะ พาพบกับคุณหมอคือคุณหมอที่นั้นใจดีมากค่ะแนะนำให้คำปรึกษาเราละเอียดดีมากและที่สำคัญรักษาโรคได้เชี่ยวชาญมากเป็นคุณหมอที่ดีมากๆทุกคนเลยค่ะ ตอนบริการจ่ายยาก็รอไม่นานค่ะ ในตัวโรงพยาบาลกว้างขว้างมากมีห้องพิเศษรองรับคนไข้เยอะมากค่ะ	5	Siriraj
มาหาหมอจิตแพทย์ครั้งแรกที่นี้ ประทับใจการดูและและพูดของคุณหมอมาก ขอบคุณพยาบาลและเจ้าหาที่ทุกคนค่ะ กล้าบอกเลยว่าค่อนข้างกลัวเพราะระแวง ยิ่งอ่านรีวิวยิ่งกลัวเกี่ยวกับการเข้าพบจิตแพทย์ กลัวโดนด่า กลัวโดนติ กลัวคนขึ้นเสียงใส่ แต่คุณหมอสุภาพมาก และกำชับว่าที่เราเป็นมีทางรักษาให้หายได้ ขอบคุณกำลังใจและสติดีๆจากคุณหมอของศิริราชด้วยค่ะ ไปโรงพยาบาลอื่นจะเดินทางงงกับตึกต่างๆ แต่ทาง รพ.ศิริราชมีการจัดการระบบต่างๆ และตึกต่างๆทำให้เดินหาสถานที่ได้โดยไม่ต้องเสียเวลามากด้วยค่ะ	5	Siriraj
โรงพยาบาลศิริราชเป็นโรงพยาบาลขนาดใหญ่ระดับต้นของประเทศ และมีคนไข้ไปรักษาที่นี่เยอะมากๆ เพราะวินิจฉัยโรคได้แม่นยำ และศักยภาพในการรักษาที่เพียบพร้อม คุณหมอใจดีมากๆ ทั้งที่คนไข้แต่ละวันมีจำนวนมาก แต่จากการวางระบบต่างๆที่ยอดเยี่ยม ทำให้ไม่เกิดความสับสนต่อคนไข้ และสะดวก รวดเร็วมาก ตั้งแต่ขั้นตอนการทำบัตร จนกระทั่งรอคิว และได้เข้าพบแพทย์ สามารถทำบัตรผู้ป่วยออนไลน์ได้ และยังสามารถนัดตรวจคลินิกพิเศษออนไลน์ได้ด้วย ประทับใจมากๆ	5	Siriraj
คุณหมอเข้าของไข้ผ่าตัดดี แต่นศพ ดึงสายเลือดออก จึงต้องทำให้ผ่ารอบสอง ต้องโทรหาอาจารย์ตลอดการผ่า รอดตายมาได้ จนทำให้คอเป็นถึงทุกวันนี้ คอยึด คอตึง กลืนยาเม็ดใหญ่ไม่ได้ พยาบาลแผนกคอนิสัยน่ารักแต่แผนงรังสี หมอดีค่ะ ให้คำปรึกษาดี ทุกอย่างโอเคหมด แย่ตรงผ่าคอรอบสองครั้งนั้นค่ะ จนเป็นปีแล้ว คอก็ไม่ดีขึ้นค่ะ	1	Siriraj
หมอสามารถให้คำปรึกษาได้ดีมาก ติดตามอาการการรักษาตลอด ไปหาหมอด้วยอาการปวดข้อเข่า หมอสามารถให้คำปรึกษาได้ดีมาก ติดตามอาการการรักษาตลอด ไปหาหมอด้วยอาการปวดข้อเข่า หมอสามารถให้คำปรึกษาได้ดีมาก ติดตามอาการการรักษาตลอด ไปหาหมอด้วยอาการปวดข้อเข่า หมอสามารถให้คำปรึกษาได้ดีมาก ติดตามอาการการรักษาตลอด ไปหาหมอด้วยอาการปวดข้อเข่า	5	Siriraj
"อาการนิ้วมือ นิ้วเท้า ชา ตลอดเวลา มกมากกว่า 1 ปี เคยรักษาแบบเวชศ่สตร์ฟื้นฟูกฌดีขึ้นเป็นพักๆ แล้วก็กลับมาเป็นอีก แรกๆนึกว่าเป็นเพราะหมอนรองกระดูกที้คอ และหลังเสื่อม จึงเป็รสาเหตุให้ชา แต่คุณหมอเวขศาสตร์บอกว่ายังไม่น่าใช่ ให้ลองพบหมอ neuro ดูก่อนคุณหมอ neuro ตรวจแล้ว พยว่าเส้นประสาทอักเสยเล็กน้อย ให้ทานสิตามินบำรุงแก้ชา"	4	Siriraj
ไปผ่าตัดเนื้อบอกในสมองเมื่อปี 2546 หมอทำให้ดิฉันเดินไม่ได้มาจนปัจจุบันเป็นเวลา 15 ปีแล้ว ซึ่งน้าชายของดิฉันก็จบแพทย์จากที่ศิริราชแล้วหมอที่ผ่าตัดให้ดิฉันก็จบหลังน้าชายของดิฉันอีกทำให้ดิฉันผิดหวังกับการรักษาในครั้งนี้มากๆเลยค่ะซึ่งครอบครัวฉันก็ไม่ได้มีฐานะอะไรมากมายเลยตาเป็นข้าราชการบำนาญยายเป็นแม่บ้าน	1	Siriraj
วันนี้ไปหาหมอศิริราช พอดีมีไข้ขึ้นสูง ไอจนเจ็บขึ้นสมอง อ่อนเพลียมาก ไอจนเจ็บหน้าอก ท้องเสีย ไข้ขึ้น ตอนแรกพยาบาล(เสื้อสีฟ้า)ที่อยู่ตรงยื่นบัตรเค้าบอกว่าไม่มีคิวให้คนไข้มาแจ้งตรงพยาบาลคัดกรองด้านหน้าสุดของตึก ย้ำ(พยาบาลที่อยู่หน้าสุด ตรงประชาสัมพันธ์) เราเดินมาเจอพยาบาลคนแรกเค้าก็เลยบอกว่าต้องรอรถเพราะถ้าเราไม่ไหวก็ต้องรอรถ จนเค้าคุยกับพยาบาลคนที่สองคนที่สองถามอีกครั้งว่าเป็นอะไร เราก็บอกเค้าบอกอาการไปอีกครั้ง พยาบาลบอกว่าเพราะไอใช่ไหมก็เลยเจ็บ เราก็บอกว่า เรามีไข้ขึ้นมาก อ่อนเพลีย ยืนจนไม่ไหวแล้ว พยาบาลคนนี้ก็บอกว่าเพราะไอเยอะมันก็เจ็บหน้าอก พยาบาลแจ้งว่าคนไข้ไอแล้วเจ็บมันเป็นเรื่องปกติ (คนนี้พูดไม่ดีเลย ไม่ดีเลยตะคอกใส่อีก แล้วพยาบาลก็พยายามบอกว่าไม่รู้มีคิวไหม) จนเรารอไม่ไหวก็เลยตัดสินใจไปร.พ.เอกชน สรุปว่าคือเราเป็นไข้หวัดใหญ่ สายพันธ์ A แค่อยากจะบอกพยาบาลว่า ถ้าเราไม่ป่วยเราคงไม่ไปร.พ.หรอก แล้วคำพูดที่ตะคอกใส่คนไข้อ่ะ มันไม่โอเค เพราะเค้าป่วยเค้าก็ไม่โอเคแล้วคุณเป็นพยาบาลอ่ะคุณมาพูดไม่ดีใส่เค้าอีกอ่ะ มันไม่โอเคค่ะ กับพยาบาลด้านหน้าตึกตรงประชาสัมพันธ์	3	Siriraj
โรงพยาบาลมีคลินิคผู้ป่วยนอก มีคนมาใช้บริการเยอะมาก แต่ผู้ให้บริการ ผู้ช่วยเข็น พยาบาล ก็ปฏิบัติต่อทุกคนเท่าเทียมและเป็นมิตร มีรอยยิ้ม มีการบริการที่ดี ให้คำแนะนำที่ดี ให้คำอธิบายต่างๆด้วยความใส่ใจและช่วยเหลือดีมาก ความประทับใจนี้ทำให้ลืมเรื่องรถติดและคนมากมายไปเลย ที่ประทับใจคือคุณหมอให้เวลากับคนไข้ ให้ความรู้และอธิบายอาการของโรค สอบถามและใส่ใจในอาการของคนไข้ดีมากค่ะ ทำให้คนป่วยมีความรู้สึกสบายใจที่อยากจะมารักษาที่นี่	3	Siriraj
เป็นโรงพยาบาลใหญ่ ที่อุปกรณ์ครบครัน เดินทางไปสะดวก คุณหมอและพยาบาลใส่ใจคนไข้ ดูแลดีมากๆ	5	Siriraj
สอบถามค่ะ มีใครจองคิวกับเว็บนี้แล้วได้คิวจริงๆบ้างคะแบบไปแล้วรักาาได้เลย คือกลัวเสียเวลา	5	Siriraj
โรงพยาบาลมีคลินิคผู้ป่วยนอก มีคนมาใช้บริการเยอะมาก แต่ผู้ให้บริการ ผู้ช่วยเข็น พยาบาล ก็ปฏิบัติต่อทุกคนเท่าเทียมและเป็นมิตร มีรอยยิ้ม มีการบริการที่ดี ให้คำแนะนำที่ดี ให้คำอธิบายต่างๆด้วยความใส่ใจและช่วยเหลือดีมาก ความประทับใจนี้ทำให้ลืมเรื่องรถติดและคนมากมายไปเลย ที่ประทับใจคือคุณหมอให้เวลากับคนไข้ ให้ความรู้และอธิบายอาการของโรค สอบถามและใส่ใจในอาการของคนไข้ดีมากค่ะ ทำให้คนป่วยมีความรู้สึกสบายใจที่อยากจะมารักษาที่นี่	5	Siriraj
ดิฉันมีอาการสะอึกไม่หยุดทุกๆครึ่งชม. ตอนกลางคืนแค่รู้สึกตัวตื่น พลิกตัว ก็เกิดอาการสะอึกขึ้นมา และมีอาการไอ ไอรุนแรง จนอ้วก เกิดอาการมา1เดือนแล้ว พอจะมีวิธีรักษามั้ยคะ	4	Siriraj
นั่งคุยปกติไม่มีอาการอะไรอยู่ๆก็ปวดท้องจื้ดขึ้นมาเลยแล้วท้องก็จะเริ่มแข็งขึ้นแล้วเมือนบวมขึ้นๆแล้วจะลุกขึ้นมานั่งไม่ได้พักนึงและเจ็บเป็นมารอบนี้รอบที่2แล้วอ่ะค่ะ	5	Siriraj
หมอกระดูก ห่วยแตก วินิจฉัยโดยไม่ตรวจอาการคนไข้	1	Siriraj
คุณหมอมีความน่ารัก เป็นกันเอง พยาบาลใจดี แม้ว่าจะผิดนัด แล้วคิวคุณหมอยาวมาก ก็ยังสามารถให้วอร์คอินเข้าไปได้ ต้องขอบคุณจริงๆค่ะ	5	Siriraj
กาให้บริการและการตรวจรักษาดีมากๆพูดจากับคนไข้ก็ยิ้มแย้ม  ผิดกับโรงพยาบาลรัฐบางแห่ง ตวาดคนไข้ซะไม่อยากไปหาเลย อยู่แถวสามพรานแต่นั่งรถไปหาหมอที่ศิริราชเสียเงินก็ยอมเพราะที่ รพ.ศิริราชบริการคนไข้ดีมากๆ	5	Siriraj
หนูไปพบหมอจิตแพทย์มาค่ะ หนูเป็นโรคทูเร็ตต์ชนิดรุนแรงต้องใช้ยาบำบัด หนูไปหาหมอที่โรงพยาบาลอื่นมาก่อนแต่ไม่ดีขึ้นทั้งที่ปรับยาไปเยอะมากค่ะ แต่พอมาเจอคุณหมอท่านนี้ หนูรู้สึกว่าหนูสามารถกลับเป็นปกติได้ คุณหมอสอบถามอาการที่เป็นและยาที่เคยใช้ค่ะ แล้วท่านก็วิเคราะห์จากอาการและยาที่เคยใช้ และปรับยาให้ใหม่ค่ะ ซึ่งการปรับยานั้นเป็นที่พอใจสำหรับหนูมากค่ะ ทำให้หนูคิดว่าทำไมไม่มาที่นี่แต่แรก คุณหมอให้ความหวังกับหนูและบอกว่าหนูจะหายเป็นปกติได้ หนูรู้สึกว่ามันต้องหายได้แน่นอน คุณหมอท่านนี้มีอารมณ์ขันมากและเข้าใจวัยรุ่นมากค่ะ หนูคิดว่าถ้าวัยรุ่นที่อยากจะหาหมอจิตแพทย์ก็ควรมาพบกับท่านนี้ดูนะคะ ถึงจะเป็นครั้งแรกที่หนูไปรักษากับท่าน แต่ท่านก็วิเคราะห์ปัญหาและอาการของหนูได้ดีและแม่นยำมากค่ะ	5	Siriraj
ประทับใจการรักษาและดูแลคนไข้ของศิริราชมาก ทีมแพทย์และพยาบาล มืออาชีพ ทุกคนน่ารัก เอ็นดูลูกสาวของดิฉัน ให้ความเอาใจใส่เป็นอย่างดี  ขอบคุณที่นี้จากใจจริงๆค่ะ เราจะไม่ลืมเลย	5	Siriraj
เนื่องจากไม่เคยไปรับการรักษา ไปครั้งแรก เพราะหมอที่ดูแลอยู่แนะนำไป ก็เลย แบบไม่รู้เรื่อง แต่เจ้าหน้าที่ที่ดูแล ให้การบริการดีมากๆๆๆค่ะ เข้า ชัดเจนทุกขั้นตอน ไม่หงุดหงิดใส่ ดูแลคนไข้ตามลำดับอาการป่วย ตอบข้อสักถามดีมาก ทั้ง ๆ ที่คนก็เยอะ คนไม่เข้าใจก็เยอะ ชอบค่ะ ดีกว่ารพ เอกชนอีก ที่ไม่ค่อยดูแลเราแบบนี้เลย เป็นกำลังใจให้เจ้าหน้าที่ทุกคนเลยนะค่ะ สู้ ๆ	5	Siriraj
ตั้งแต่เจ้าหน้าที่ รวมไปถึงพยาบาลและหมอ ให้บริการดีมากไม่มีอาการหงุดหงิดหรือแสดงสีหน้าไม่ดีกับคนไข้เลย รักษาดี ช่วยเหลือผู้ป่วยที่ยังช่วยเหลือตัวเองไม่ได้แบบว่าดีเยี่ยมมาก ถ้ามีลูกคนต่อไป จะคลอดที่โรงพยาบาลศิริราชเหมือนเดิม	5	Siriraj
ได้ไปส่องก้ลองตรวจลำไส้ หมอให้ดูภาพภายในำไส้ แย้วทึ่งมาก ประทับใจ คุณหมอแจงรายละเอียดชัดเจน ภายในเป็นแผล หมอซ่อมแซมให้เรียบร้อย	5	Siriraj
หมอเก่ง สามารถหาสาเหตุอาการป่วยของคุณพ่อ และชาวยรักษาได้ดีด้วย	5	Siriraj
พยาบาลใจดี	4	Siriraj
เคยเป็นต่อมน้ำเหลืองอักเสบและภูมิแพ้ แล้วได้รักษาที่ศิริราชของคุณหมอดูแลคนไข้ดีมาก ตรวจหาสาเหตุอย่างละเอียด ตอนเจาะน้ำเหลืองที่คอมาตรวจ มือเบามาก แล้วก็นัดทุกสัปดาห์เพื่อติดตามอาการให้ยาติดต่อกันจนทำให้อาการดีขึ้นค่ะ	5	Siriraj
เจ้าหน้าที่ตอบทุกคำถามแม้ผู้ป่วยจะเยอะแค่ใหน	5	Siriraj
ต้องช่วยตัวเองทุกอย่าง ตั้งแต่เดินเอกสาร จนถึง จองห้องพักก็ต้องทำเอง เข้าใจว่าเป็น รพ รัฐ แต่ก็น่าจะมีการจัดการที่เป็นระบบมากกว่านี้	3	Siriraj
พยาบาลดูแลดีมากทั้งการพูดการจาไม่แบ่งชนชั้น	5	Siriraj
ประสบการคือ วันนั้นเป็นวันที่23ตุลาคม ชึ่งวันนั้นเราปวดท้องคลอดลูกมาก ก้อเอาเราไปนอนรอที่เตียงเข้าน้ำเกลือ ฉีดยาเร็งคลอด ทิ้งเรานอนไว้ที่เตียง แล้วพยาบาลไปนั่งเล่นมือถือ พอได้1ชั่งโมงผ่านไปเราเลยเรียก พยาบาลคะหนูอยากเบ่งคลอดค่ะ ก็ไม่สนใจ เล่นมือถือต่อ พออีก5นาทีต่อมา เราเลยตะโตนบอกหมอว่า ไม่ไหวแล้วค่ะ จะคลอดแล้ว จนกระทั่งลูกหลุดออกมาทั้งตัว หมอพยาบาลค่อยวิ่งมา....รับลูกเราที่คลอด ...ไม่อยากให้เกิดขึ้นอีกนะคะ อยากให้สนใจคนไข้มากกว่านี้	3	Siriraj
จำนวนแพทย์ไม่เพียงพอ รอนานมาก พอได้พบแพทย์พูดจาฮ่วนๆ หน้าตาไร้อารมณ์ในการให้บริหาร คิดบวกคือแกคงเหนื่อย	3	Siriraj
คุณหมอเก่งมาก ใส่ใจรายละเอียด แต่ที่เข้ารักษาเป็นคลีนิคพิเศษ ทำงานใกล้เคียงกับเอกชน	5	Siriraj
ผมเริ่มการรักษาที่โรงพยาบาลแห่งนี้มา 6 ปี ต่อเนื่อง เนื่องจากเป็นโรคไวรัสตับเอ็กเสบบี การเข้ารักษาในครั้งแรกก็ดูจะยุ่งยาก และใช้เวลาอย่างมาก เนื่องจากเป็นคนไข้ใหม่ แต่หลังจากนั้นเมื่อมีใบนัดครั้งต่อไปแล้ว ก็ไม่นานเท่าไหร่  มีคลีนิคนอกเวลาสำหรับนัดคุณหมอประจำที่ตรวจ  ถ้าไม่สะดวกมาในเวลาทำการด้วย รักษาดูอาการอยู่หลายปี  ค่าไวรัส ค่าตับอักเสบก็ลดลง แต่ก็มีภาวะตับแข็ง เนื่องจากใช้ชีวิตก่อนรักษาไม่ดูแลตัวเองประมาท เสี่ยง  คุณหมอดูแลดีมาก คอยหมั่นให้อัลตร้าซาวล์ดูเนื้อตับ จนกุมภาพันธ์ปี 2516 ก็พบว่ามีก้อนที่เนื้อตับ ทำ MRI หมอวินิจฉัยว่าเป็นมะเร็ง ผมเคยถามหมอว่าถ้าเป็นมะเร็งแล้วไง  ผมก็ต้องตายไม่ใช่เหรอ หมอบอกรักษาได้ถ้ารู้เร็วตัดออกได้  คุณหมอที่ดูแลเรื่องตับส่งผมไปหาหมอผ่าตัด  โดยรีบนัด หมอผ่าตัดวินิจฉัย แล้วอธิบายวิธีรักษาให้ผมอย่างละเอียด โดยส่งต่อให้หมอรังสีเริ่มทำในขั้นตอนแรก คือให้คีโมที่ก้อนเนื้อ เพื่อยับยั้งการจะเจริญเติบโตของมัน ทางแพทย์รังสีดูจาก MRI ของผม สนใจในตัวก้อนเนื้อ เพราะมันดูไม่เหมือนเซลมะเร็ง เลยขอตัดก้อนเนื้อนั้นไปตรวจ ประกฎว่าใช่แหละ แต่ำม่ใช่มะเร็งที่เกิดจากเนื้อตับ  แต่เป็นมะเร็งท่อน้ำดีในตับ การทำงานขั้นต่อมาแพทย์รังสี นัดผมมาอุดหลอดเลือดดำที่ตับข้างขวาที่มีก้อนเนื้อ เผื่อให้มันฝ่อ หลังจากนั้นผมบำรุงด้วยโปรตีนเยอะมาก เพื่อให้ตับโตขึ้นในข้างที่ไม่มีก้อนเนื้อ  เผื่อพร้อมสำหรับผ่าตัด หลังจากหนึ่งเดือนผ่านไป คุณหมอศัลย์มาเช็คขนาดตับผม มันก็โตขึ้นพอสมควร คุณหมอก็นัดผ่าตัด ก่อนการผ่าตัดผมกลัวมาก แต่หลังจากเข้ารับการผ่าตัด เหมือนไม่มีอะไรเกิดขึ้น คุณหมอตัดตับผมไป 60% ตามคำบอกของคุณหมอ  แต่ผมก็ไม่ได้มีอาการอะไรยังสามารถใช้ชีวิตอยู่ได้ดี  แต่ต้องมาติดตามอาการเป็นระยะๆ ต่อมาอีก 4 เดือน พบว่ามะเร็งได้กระจายมาที่ต่อมน้ำเหลืองในช่องท้อง จากการตรวจติดตาม ทางหมอศัลย์บอกว่าต้องให้คีโม เลยส่งตัวไปหาหมอเคมียำบัด หมอเคมีบำบัดอธิบายขั้นตอนและวิธีการรักษา ในขั้นนี้เราจะรักษาไม่หายนะครับ  เป็นเป็นการทำให้อาการสงบ เซลล์มะเร็งไม่รุกราม ไม่เติบโต ตอนนี้ผมให้คีโมต่อเนื่องกันมา 4 ครั้ง โดยให้ติดกัน 2 อาทิตย์ เว้น 1 อาทิตย์ แล้วก็ติดกันอีก 2 อาทิตย์ รวมทั้งหมด 12 ครั้ง  เท่ากับ 6 เข็ม คุณหมอบอกว่าการที่ให้ 2 อาทิตย์เท่ากับ 1 เข็ม มันจะช่วยไม่ให้หนักเกินไปสำหรับผม เพราะตัวยามันแรง ผ่านไป 4 ครั้งโชคดีที่ผมไม่มีอาการแพ้ ไม่อาเจียน ทานได้ มีมึนๆนิดหน่อย โดยรวมโอเค  ไม่เคยท้อ เชื่อมั่นในแพทย์ที่รักษา และการให้คำแนะนำ พยาบาลเอาใจใส่ดีทุกครั้งที่มานอนโรงพยาบาล ถามตอบในทุกข้อสงสัย  ผมจะขอผลเลือดมาดูค่าตับ ค่ามะเร็ง ค่าไต ค่าเลือดต่าง โดยให้พยาบาลอธิบายให้ฟัง เนื่องจากต้องการดูสภาพร่างกายโดยตลอด  ขอบคุณคุณหมอและพยาบาลที่นี่ที่ทำให้ผมมั่นใจในการรักษา ไม่ท้อ	5	Siriraj
คือ ผ่าคลอดคุณหมอคุณพยาบาล ดูแลดีมากค่ะ	4	Siriraj
ไปหาหมอเนื่องจากฮอร์โมนไม่ปกติ ตอนแรกคิดว่าศิริราชจะต้องรอนานมากๆเนื่องจากใช้สิทธิ์บัตรทองแต่ปรากฎคือเดี๋ยวนี้โรงพยาบาลพัฒนาระบบดีมากๆ รอไม่ถึงชั่วโมงได้พบคุณหมอและรับยาภายในสามสิบนาทีหลังตรวจเสร็จ คุณหมอเก่งและให้คำแนะนำอย่างดี พยาบาลและเจ้าหน้าที่ให้การบริการและความช่วยเหลืออย่างเป็นระบบ ดีมากๆค่า ตอนแรกคิดว่าไปรักษาบัตรทองจะต้องรอทั้งวันและเจอบริการไม่ดี ศิริราชสมัยนี้ลบล้างความเชื่อเก่าๆได้อย่างหมดจรดค่ะ	5	Siriraj
โรงพยาบาลที่มีคนไข้มากที่สุด แต่กลับปฏิบัติกับคนไข้ทุกคนอย่างดีที่สุด ถึงแม้คนไข้จะเยอะแค่ไหน พยาบาลและคุณหมอก้อไม่เคยละเลยคนไข้ และปฏิบัติกับทุกคนในมาตรฐานเดียวกัน ตรวจละเอียดเหมือนกัน สอบถามประวัติเหมือนกัน ไม่เคยผ่านเลยจุดใดจุดหนึ่งไป ใส่ใจในทุกรายละเอียด ศรัทธาแพทย์ พยาบาล และพนักงานทั้งหมดในโรงพยาบาลนี้ค่ะ	5	Siriraj
เจ้าหน้าที่ประกันสังคมบริการดีมาก น่ารักใจดี พยาบาลสวย ใจดีทุกคน ห้องแอร์ก็เย็น คิดว่านอนโรงแรม555 ส่วนตัวผมชอบมาก บริการทุกระดับประทับใจต้องศิริราช รอตรวจรอผลเลือด สรุปเป็น ลำไส้อักเสบ นอนไปครึ่งวันกลับบ้านได้	5	Siriraj
คุณแม่ ต้องตรวจจากแพทย์หลายท่าน และแต่ละท่านไม่เชื่อมโยงข้อมูลกัน ทำให้ต้องไป รพ ตามนัด หลายครั้งมากครับ	2	Siriraj
ได้เข้าพบคุณหมอแผนกนรีเวชที่รพ.ศิริราชค่ะ เป็นการตรวจ follow up (ติดตามผล) ในเรื่องของเยื่อบุมดลูกเจริญผิดที่ ท่านเป็นอาจารย์หมอแพทย์หญิงที่น่ารักมากๆเลยค่ะ ท่านยิ้มแย้มเป็นมิตร ซักประวัติเราด้วยความอ่อนโยนต่อผู้ป่วย บอกเราว่าที่เราเป็นโรคนี้ต้องรักษาแบบนี้นะคะ พร้อมทั้งแนะนำว่าต้องปฏิบัติตัวยังไง อาจารย์ท่านอธิบายอย่างละเอียดให้กับเรา ทำให้เรารู้สึกปลอดภัยและอบอุ่นหัวใจมากๆเลยค่ะ และที่สำคัญท่านสอนนักศึกษาแพทย์โดยใช้เคสของเราด้วย ดูท่านอธิบายให้นักศึกษาแพทย์ฟังแล้วท่านทั้งเก่งมากและเมตตาทั้งคนไข้และนักเรียน สัมผัสได้เหมือนกับเจอคนที่ไว้ใจได้มากที่สุด เพราะปกติแล้วการตรวจทางนรีเวชเป็นเรื่องละเอียดอ่อนมากๆ เข้าถึงใจผู้ป่วยอย่างลึกซึ้ง ประทับใจมากๆเลยค่ะ :)	5	Siriraj
สะอาด บริการดีค่ะ	4	Siriraj
ปกติจะเขียนรีวิวเกี่ยวกับเหตุการณ์ที่เกิดขึ้นจริงกับตัวเอง  ที่เลือกโรงพยาบาลศิริราช ทำให้ฉันได้เปลี่ยนชีวิตใหม่  เมื่อก่อนตอนสมัย ปวช ดิฉันเป็นสิว คลีนิกที่ว่าดังไปหมด เมื่อใช้ครีมเค้า รักษากับเค้าก็ดีแต่พอยาหมด ครีมหมดก็เป็นสิวเหมือนเดิม  มีคนแนะนำให้ไปรักษาที่ศิริราช แผนกโรคผิวหนัง นอกเวลา  ครั้งแรกที่ไปก็กลัวๆ กล้าๆๆ แต่เมื่อได้พบกับหมอ หมอแนะนำดีมาก ดิฉันไปรักษาตามหมอ 3 ครั้ง หน้าดีขึ้นมาก มีแต่คนทัก  หลังจากนั้นก็หายไม่ได้ไปหาหมออีกเลย	5	Siriraj
คนเยอะมากเพราะเป็นรพ.รัฐ ค่ารักษาถ้าจ่ายเองถูกกว่าเอกชนเล็กน้อย ตรงค่าหมอจะแค่100แต่ค่ายาก็จ่ายเต็ม แต่จัดคิวงง มีใบนัดมาในใบมีเวลานัดชัดเจน แต่พอมารอจริง เรียกก่อนเวลา ถ้าไม่รอตลอดก็จะเลยคิวไป แต่พยาบาลบริการดี มีเจ้าหน้าที่ตามจุด แค่ต้องรอยานานบ้าง	3	Siriraj
คลีนิคพิเศษ รพ ศิริราช บริการดี จัดระบบ แยกคัดกรองคนไข้ จัดลำดับการเข้าพบแพทย์ได้ดี ทำให้ได้ตรวจเร็ว คนไข้ไม่ต้องรอนานและไม่ตกค้างมาก	5	Siriraj
ดีค่ะ	4	Siriraj
บริการเป็นเลิศ. ถือประโยชน์ส่วนตนเป็นที่ 2. ดูแลคนไข้เป็นที่ 1	5	Siriraj
เคยไปรักษาสิวที่โรงพยาบาลศิริราชค่ะ ประทับใจเพราะคุณหมอให้คำแนะนำเป็นอย่างดี  จ่ายยาพอเหมาะ ถ้าหากไม่หมดก็ไม่ต้องซื้อ ใช้ยาตามหมอสั่งแล้วได้ผล ข้อเสีย นัดครั้งแรกต้องล่วงหน้า 1เดือน มาครั้งแรกทำตัวไม่ถูก พยาบาลไม่ค่อยแนะนำ บางครัังรอคิวนานทั้งๆที่มาตามเวลา	4	Siriraj
เมื่อวัาที่28/12/59 ได้เข้าไปตรวจตามนัดของคลินิคนารีเวช นึกไปนึกมาเราก็มีอาการผมร่วงมาสัก 2 ปีกว่า ไปตรวจกับคลินิคผิวหนังดีกว่า ว่าแล้วก็ขึ้นไปลงทะเบียนได้คิวที่60 ซึ่งเป็นคิวสุดท้ายของ อ.หมอ แต่เราขอลงไปตรวจที่นารีเวชก่อน พยาบาลแจ้งว่าประมาณ 1 ทุ่ม ให้กลับขึ้นมาตรวจน่ะ แต่ 1 ทุ่มเราก้อยังรรวจไม่เสร็จ ผลสุดท้ายทั้งพยาบาลและอ.หมอ ก็นั่งรอตรวจให้ค่ะ	5	Siriraj
การวินิจฉันโรคของหมอ  เข้าใจว่าหมอเจอคนไข้ที่ป่วยด้วยเป็นโรคมะเร็งและอยู่ในระยะสุดท้ายมาเยอะ  ต้องพูดซ้ำแล้วซ้ำอีกทำให้อาจเบื่อที่จะต้องพูดอ้อมโรคกับคนไข้ระยะสุดท้าย  แต่ด้วยจรรยาบรรณของหมอก็ไม่ควรพูดเพื่อหยุดการรักษาแล้วบอกว่ารักษาไปก็ไม่หาย  ก็ได้ถือว่ารักษาแล้ว  ด้วยน้ำเสียงตะคอกและเสียงน้ารำคาญอย่างนั้นกับคนไข้  ควรจะบอกดีๆหรือไม่ก็แจ้งข่าวกับญาติก็ได้  คนไข้ที่รู้ตัวเองมันก็สิ้นหวังพออยู่แล้ว  มาเจอหมอพูดแบบนี้จะทำให้คนไข้อยู่ต่อด้วยความสิ้นหวัง   คุณชั่งเป็นหมอที่ไร้ความเมตตาเสียจริงๆ  ควรปรับปรุงด้านการใช้วาทะในการพูดกับคนไข้เป็นอย่างมาก	1	Siriraj
มานอนโรงพยาบาลศิริราช ห้องพัก ดี แต่ขาดการบริการที่จอดรถ	3	Siriraj
เป็น รพ.รัฐบาลที่ให้บริการอย่างดีเยี่ยม พยาบาลยิ้มแย้มแจ่มใส อาจจะต้องไปเช้าเพื่อได้พบหมอ แต่การรอพบแพทย์ก็ไม่นานจนเกินไป	5	Siriraj
ชีวิตมีค่าในบางเวลาไม่อาจรอได้ เวลามารพ.มักจะต้องทำเองบ้างแต่ก็ดีกว่ารอคะ เพราะเวลาของหมอและพยาบาลมีความสำคัญยิ่งในรพ.ใหญ่แล้วถ้วนแต่แลดูวุ่นวายมาก เพราะฉะนั้นอะไรที่เราสามารถช่วยเหลือตัวเองได้ก็ทำได้ ไปจะได้ไม่เป็นภาระแก่บุคคลใครให้เป็นความล่าช้า	5	Siriraj
หมอให้คำปรึกษากระจ่างดีค่ะ เข้าใจง่าย เจ้าหน้าที่ก็ต้อนรับดีค่ะ พูดจาดี	4	Siriraj
พยาบาลดูแลหลังจากคลอดลูกดีมาก บอกและแนะนำดีมากโดยเฉพาะช่วยเหลือเรื่องการให้นมลูกได้ดีจริงๆ ถ้าไม่ได้พยาบาลคอยแนะนำ คอยสอนในทุกเรื่องที่ผู้เป็นแม่ควรทำ เราก็คงทำอะไรไม่เป็นเลย ต้องขอบคุณพยาบาลทุกท่านจริงๆที่ดูแลเราเป็นอย่างดี	4	Siriraj
จริงๆก็ไม่ได้ไปรับการรักษานะคะ แต่บริจาคเลือดค่ะ พยาบาลและเจ้าหน้าที่น่ารักมากๆ... ตอนบริจาคเลือดเสร็จ แกล้งเป็นลม (ตอนนั้นไปกับเพื่อน จะแกล้งเพื่อนเล่นตรงหน้าลิฟ) เจ้าหน้าที่วิ่งมาจากในห้องบริจาคเลือด มาถามใหญ่เลยว่าเป็นอะไรมั้ย ประทับใจมากเลยค่า	4	Siriraj
ให้บริการช้า รคิวนานใสก ไปอย่างต่ำเสับเวลาค่อนวัน แยากฝห้ปรับปรุงเรื่องกานบริการ	2	Siriraj
หมอเข้าใจลักษณะโรคที่เป็น จ่ายยาตรงโรคกินยา2วันไม่มีอาการ	4	Siriraj
แพทย์ พยาบาล บุคคลากรทุกส่วนงานเป็นมืออาชีพมากๆรู้วิธีรับมือกับภาวะวิกฤตต่างๆ รวมถึง ปัญหาส่วนตัวของคนไข้เอง และญาติของคนไข้	5	Siriraj
ตัวเองได้คลอดก่อนกำหนดที่โรงพยาบาลศิริราชซึ่งไม่เคยคิดว่าโรงพยาบาลรัฐบาลจะบริการได้รวดเร็ว และดีอย่างนี้ เพราะเราเป็นเคทฉุกเฉิน อายุครรภ์25week+5 ตอนแรกจะเข้าไปตรวจเรื่องน้ำคล่ำกับตกขาวเยอะ แต่พอถึงโรงพยาบาลระหว่างจะไปยื่นบัตรน้ำคล่ำไหลออกมาเราก็ตกใจทำไรไม่ถูกเลยเดินไปห้องที่มีเจ้าหน้าที่ยืนอยู่และบอกเค้าว่าน้ำคล่ำไหล แค่นั้นเจ้าหน้าที่รีบหารถเข็นมาให้นั่ง แล้วก็มีเจ้าหน้าที่มาซักประวัติ สักพักก็พาขึ้นไปห้องรอคลอดเพื่อตรวจว่าใช่น้ำคล่ำจริงรึเปล่า คุณหมอทำการตรวจไปซักประวัติไปสรุปเป็นน้ำคล่ำจริงๆเลยต้องนอนรอคลอดเลย ระยะเวลาทั้งหมดรวดเร็วมาก ทุกคนเป็นมืออาชีพใส่ใจคนไข้ ยิ่งกว่าโรงพยาเอกชนซะอีก ทำให้รู้สึกประทับใจมากค่ะ	5	Siriraj
ครั้งนี้ไปพบแพทย์ด้วยอาการประจำเดือนมาไม่ปกติ ก่อนไปก็ปรึกษาคนใกล้ตัวว่าควรไปพบแพทย์ที่ไหนดี มีคนบอกว่าให้ไปศิริราช แว่บแรกคือไม่อยากไป รพ.รัฐรอนานเป็นวันๆแน่ ที่จอดรถก็ไม่สะดวก บัตรคนไข้ก็ยังไม่ได้ทำ แต่ปรากฏว่าไม่ใช่อย่างที่คิดไว้เลยค่ะ เราสามารถเข้าไปสมัครบัตรคนไข้ โดยการลงทะเบียนผ่านเว็บไซต์ของโรงพยาบาลได้ เมื่อได้หมายเลข HN มาแล้ว เราก็โทรไปขอนัดคิวเพื่อพบคุณหมอได้เลย เพื่อนแนะนำให้ไปคลินิกนอกเวลา เสียค่ารักษาแพงขึ้นอีกหน่อย แต่เร็ว ก็เลยโทรไปนัดคุณหมอ ที่นี่ระบบเค้าจะดีมากค่ะเมื่อโทรไปพยาบาลจะนัดเวลาและแจ้งคิวให้เราทราบพร้อมกับบอกให้เรามาก่อนเวลาครึ่งชม. พอถึงวันนัด ก็ไปพบพยาบาลที่หน่วยคัดกรอง ถึงจุดนี้จะต้องชั่งนน.และวัดความดัน ใช้เวลาไม่นานเลย หลังจากนี้ก็ไปนั่งรอตามคิว ซึ่งก็ได้พบแพทย์ตามเวลา(อาจจะก่อนด้วย) การรักษาก็ซักถามละเอียด มีการตรวจอย่างละเอียด ที่สำคัญคุณหมอได้อธิบายทุกอย่างที่คนไข้ถาม ไม่ได้รีบๆตรวจรีบๆทำให้เสร็จ คุณหมอให้อุลตร้าซาวด์ภายใน ให้ตรวจมะเร็งปากมดลูก ขณะที่อ่านผลอุลตร้าซาวด์คุณหมอก็ซักถามประวัติเราไปเรื่อยๆ ผลออกมาก็คือเจอเนื้องอกที่รังไข่ คุณหมอแนะนำให้ผ่า ขั้นตอนหลังจากนี้คือจะต้องส่งเรื่องไปยังคณะกรรมการเพื่อให้คุณหมอหลายๆท่านร่วมกันพิจารณา ว่าเคสของเราสมควรต้องผ่าตัดหรือไม่ ก็จะมีคุณหมอในคณะกรรมการเรียกให้ไปอุลตร้าซาวด์ซ้ำอีกรอบ เนื่องจากการผ่าเอารังไข่ออกจะทำให้ไม่มีฮอร์โมนเพศอีก คุณหมอเลยอยากจะแน่ใจว่าการตัดสินใจจะผ่าตัดเป็นวิธีที่ดีที่สุดสำหรับคนไข้ และพอทุกอย่างเรียบร้อย ก็จะต้องไปตรวจเลือดเช็คสภาพความพร้อมของร่างกายก่อนผ่าตัด ทั้งนี้เพื่อความปลอดภัยที่สุดของคนไข้ การจองห้องก็ไม่ยุ่งยาก พยาบาลจะนัดคิวที่คุณหมอว่างที่จะทำการผ่าตัด แล้วคนไข้ก็สามารถไปจองห้องพิเศษ ซึ่งระบุราคาห้อง ขนาด และแบบของห้องไว้ชัดเจน รวมถึงราคาอาหารด้วย แล้วพยาบาลก็จะแจ้งวิธีเตรัยมตัวก่อนวันมาผ่าตัด การรับประทานอาหารก่อนผ่าตัด โดยรวมๆแล้วการบริการที่ศิริราช ดีน่าประทับใจมากที่สุด พยาบาลก็พูดจาไพเราะ การคำนึงถึงความปลอดภัยก็ดีเยี่ยม ขั้นตอนการบริการก็รวดเร็ว ค่ารักษาก็ไม่แพงเลยเมื่อเทียบกับโรงพยาบาลเอกชน สรุปคือประทับใจที่ศิริราชที่สุดค่ะ	5	Siriraj
ตอนปลายปี คุณแฟนไปคลอดลูกที่โรงพยาบาลศิริราช ซึ่งเด็กแรกเกิดจะค่อนข้างงอแงและตื่นบ่อย แต่ก็สามารถให้พยาบาลเอาไปอย่ในห้องเนอสเซอรี่ได้ตลอดเวลา ไม่มีอิดออด รวมถึงการดูแลต่างๆ ก็ดีทีเดียว	5	Siriraj
คนเยอะ รอนาน ไม่มีที่จอดรถ พยาบาลไม่สนใจผู้ป่วย ส่วนใหญ่หมออายุยังน้อย ไม่มีประสบการณ์เพียงพอ ต้องมีอาจารย์แพทย์คอยแนะนำ	4	Siriraj
มารับการรักษาตรวจโรคข้ออักเสบรูมาตอยส์ เรียกเข้ามารอพบหน้าห้องแพทย์ให้รอเป็นชั่วโมง (จริงๆ ก็รอได้นะ) แต่ว่าน่าจะมีเก้าอี้ให้คนไข้นั่งรอ เพราะคนไข้ที่เป็นโรคนี้แต่ละคนจะมีอาการปวดข้อกันตลอด ให้มายืนรอนานๆ อย่างนี้ คนไข้กลับบ้านต้องมีอาการกำเริบกันอีกแน่ (เราเป็นต้น)	3	Siriraj
หมอและพยาบาลห้องคลอดดูแลเอาใจใส่ดีมากค่ะ	5	Siriraj
หาหมอคลีนิคนอกเวลา   ไปตามนัดหมาย วัดความดัน ได้บัตรคิว ไปนั่งรอหน้าห้องหมอ  แต่สิ่งที่บกพร่องคือ  ไม่รู้ว่าถึงคิวไหน  เรียกแต่ชื่อ ไม่เรียกเลขหมาย และแจ้งว่า ไม่ได้เรียงตามเลข แล้วจะให้บัตรคิวมาเพื่อ?!!	4	Siriraj
คุณหมอและพยาบาลเก่งและมีประสบการณ์มากให้ความรู้ตอบคำถามได้ดี ใจเย็น พูดจาเพราะถึงจะมีคนไข้เยอะก็ตาม	5	Siriraj
เราพาคุณป้าที่ป่วยด้วยโรคงูสวัดไปหาคุณหมอด้านภูมิแพ้ที่รักษากันอยู่แล้วแต่ด้วยคิววันนั้นเต็มเราก็ไปตามคำแนะนำของเจ้าหน้าที่เป็นคลีนิคนอกเวลาคิดว่าต้องรอจนคนไข้นัดตรวจเสร็จก่อนถึงจะได้ตรวจแต่กลับเป็นว่าเรายื่นบัตรแล้วบอกอาการนั่งร สัก20นาทีก็ได้ตรวจไม่เสียเวลารอคิวนานบางแผนกต้องรอจนคนไข้นัดตรวจเสร็จแต่เราก็เข้าใจ	5	Siriraj
เป็นระเบียบและไม่ค่อยวุ่นวายเท่าไรถึงคนจะเยอะก็เป็นระเรียบและสะอาดค่ะ	5	Siriraj
มีการเปลี่ยนแปลงเรื่องบริการที่ดีขึ้นในบ้างส่วนทำให้ได้รับบริการที่เร็วขึ้นกว่าเดิมแต่ก็มีในส่วนจองการชำระเงินและการจ่ายยายังคงใช่เวลาในการรอนานเหมือนเดิม ส่วนแพทย์ที่รักษาประจำจะให้ข้อมูลและตอบข้อสงสัยที่ดีมาก	4	Siriraj
คนมาใช้บริการ รพ.เยอะมาก การให้บริการยังดีเหมือนเดิม	5	Siriraj
ส่วนที่ไปทำการรักษาคือแผนกจิตเวช โดยรวมแล้วระบบของที่นี่ก่อนหน้านี้ค่อนข้างน่าสับสน แต่ระยะหลังศิริราชปรับให้เป็นระเบียบและเข้าใจง่ายขึ้นมาก การนำเทคโนโลยีเข้ามาปรับปรุงเพื่อแก้ไขปัญหาคนแน่นอย่างบันไดเลื่อนและแบ่งพาร์ตโรงพยาบาลให้มีส่วนที่ให้บริการคล้ายเอกชน ทำให้ประทับใจเรื่องของตัวเลือกในการเข้าถึง(ถึงแม้ส่วนนี้จะดูเป็นการให้บริการแบบต่างมาตรฐาน แต่พอทำความเข้าใจได้เมื่อพิจารณาค่าครองชีพและคุณภาพชีวิตอื่นๆของคนไทย)  หน่วยจิตเวชมีการให้บริการดีและเจ้าหน้าที่ทั้งแพทย์และพยาบาลเป็นมิตร การใช้ท่าทาง ภาษากาย และสีหน้าที่ไม่ทำให้ผู้รับบริการรู้สึกอึดอัด  ในส่วนของการรับยา เกิดปัญหาขึ้นค่อนข้างบ่อย การส่งใบยาไปไม่ถึง ลืมส่งใบยา การให้บริการของเจ้าหน้าที่ที่บางครั้งมีการเสียมารยาท  (โดยรวมไม่ต้องการให้คะแนนน้อย เมื่อปัญหาใหญ่คือทางเลือกด้านสาธารณสุขในประเทศไม่ได้มีมากพอ ฉันจึงมองว่า ปัญหาการจัดการของรัฐต่างหากที่ทำให้โรงพยาบาลรัฐที่มีคุณภาพอย่างศิริราชต้องมาแบกรับมากกว่าโรงพยาบาลอื่นๆ)	4	Siriraj
การบริการถือว่าดีปานกลาง แต่ก็ขึ้นกับแต่ละแผนก แต่การรักษาค่อนข้างมั่นใจว่าดี เนื่องด้วยส่วนใหญ่แพทย์จะมากด้วยประสบการณ์ ที่ไปหาจะเป็นคลีนิคนอกเวลา ซึ่งราคาเมื่อเทียบกับเอกชนแล้วถือว่าโอเคเลยคับ โดยรวมโอเคคับ	3	Siriraj
ตึกสมเด็จพระศรี10/1บริการดีมากคะถึงจะเป็นห้องสามัญหมอมา7โมงเช้า2เวลาเลยคะหากเคสไหนมีปัญหาเกี่ยวกับโรคแทรกซ้อนในการตั้งครรภ์จะมีหมอเฉพาะทางโรคนั้นๆมาติดตามอาการร่วมวางแผนประชุมอีกที  ยอดเยี่ยมมากคะ	5	Siriraj
แพทย์เชี่ยวชาญเฉพาะด้าน พยายาบาลให้การช่วยเหลืออย่างดี	5	Siriraj
พยาบาลเอาใจใส่ดี  พูดจาสุภาพ  คุณหมอก็แนะนำการดูแลตัวเองอย่างละเอียด	5	Siriraj
เมื่อวานได้ไปตรวจสุขภาพที่โรงพยบาลศิริราชมาค่ะ อย่างแรกที่ประทับใจมากก็คือ หมอพูดจาแนะนำดีมากค่ะ รวมทั้งพยบาลที่อยู่ในนั้นเวลาถามถึง ห้องน้ำอยู่ใหนค่ะ? หรือ ถามเรื่องอื่นๆ ก็จะตอบมาดีค่ะ บริการดีมากค่ะ	4	Siriraj
ตอนแรกที่ชั้นแรกจะวุ่นวายมากเพราะทุกคนต้องผ่านการคัดกรองที่นี่ แต่พอแยกชั้นไปก็จะเร็วขึ้น ตอนนี้มีบันไดเลื่อนช่วยให้ขึ้นลงสะดวก	4	Siriraj
ทางรพศิริราชเขาวิเคราะห์สาเหตุของโรค2-3คนเผื่อความแน่ใจดีจร้าถ้าไม่ชัวร์เขาก็ให้ส่องกล้องเผื่อหาสาเหตุที่แน่ชัดมากขึ้น	5	Siriraj
ความประทับใจคือการรักษาที่มีเครื่องที่ทันสมัยช่วยรักษาให้เราหายจากการเจ็บป่วย	4	Siriraj
การให้บริการมีความรวดเร็ว แต่ขั้นตอนการให้บริการยังไม่ค่อยชัดเจนเท่าไหร่	4	Siriraj
มีระบบการบริหารจัดการดี แพทย์ชำนาญการระดับอาจารย์หมอเยอะ ผู้ป่วยมาก	4	Siriraj
1. แพทย์บางท่านถามมากไม่ได้คำตอบที่ได้บางครั้งบอกว่าผมไม่ได้ดูโรคนั้นโรคนี้คืดรักษามานานเป็น 10-20 ปีแล้วถามแค่นี้ก็ไม่ได้ 2.ใบนัคตรวจครั้งต่อไปไม่ค่อยชัดเป็นใบบาง ๆ น่าจะทำให้ดีกว่านี้ 3.ระบบรอใบนัด ระบบซื้อยา และชำระเงินบางครั้งช้ามาก น่าจะเป็นไปจ่ายเงินตรงไหนของโรงพยาบาลน่าจะดีกว่า	3	Siriraj
คนไข้จำนวนมาก อาจต้องรอนานหน่อย แต่การรักษาเป็นมาตรฐาน	4	Siriraj
ไว้ใจ วางใจ เชื่อใจ	4	Siriraj
ไปรักษามาก็หลายที่แต่รู้สึกดีกับที่ศิริราชถึงแม้จะรอนานแต่ก็โอเคสำหรับการซักถามและรักษา ยาที่ให้ก็ดูจะใส่ใจว่าควรกินแบบไหน ไม่ใช่มีอะไรก็ให้มา ถึงแม้จะเป็นโรงพยาบาลรัฐที่มีคนมาใช้บริการเยอะแต่บุคลลากรก็มีมากพอที่จะให้บริการ	5	Siriraj
ดิฉันพาลูกไปหาหมอที่ร.พศิริราชมาค่ะไปทุกเดือนเรยเพราะต้องพาน้องไปฉีดวัคซีนค่ะพอดีดิฉันเข้าโครงการแม่วัยรุ่นค่ะโครงการนี้ดีมากเรยค่ะมีค่าเดินทางให้วัคซีนก้อฉีดฟรีพยาบาลประจำโครงการก้อบริการดีพูดจาไพเราะนักศึกษาพยาบาลก่อเฟรนลี่กะเด็กดีค่ะดิฉันคลอดลูกที่นี่ค่ะแล้วก้อมีพี่คนนึงมาชวนเข้าโครงการนี้ค่ะการบริการโดยรวมคือดีมากๆโดยเฉพาะโครงการของ ร.พ ค่ะ	4	Siriraj
มีโอกาสเป็นคนไข้ของโรงพยาบาลศิริราชซึ่งเราก็ทราบกันดีว่าเป็นโรงพยาบาลรัฐบาลที่ต้องรองรับคนไข้จำนวนมาก แต่พอได้เข้าเป็นคนไข้กรณีกระทันหัน ทำให้ได้ทราบว่าคุณหมอและพยาบาลทุกท่านของโรงพยาบาลรัฐนั้นทำงานหนักมากและไม่มีเวลาส่วนตัวจริง ๆ อีกทั้งอาคารและอุปกรณ์ทางการแพทย์ยังมีจำนวนไม่เพียงพอต่อการรักษาคนไข้ที่มีฐานะไม่ดี จึงได้แค่เพียงร่วมบริจาคเงินสมทบมูลนิธิตามกำลังที่จะพอจะช่วยได้ และขอขอบพระคุณคุณหมอและพยาบาล รวมทั้งเจ้าหน้าที่ทุกท่านของโรงพยาบาลที่คอยดูแลในช่วงที่พักรักษาอาการป่วยที่โรงพยาบาลมา ณ ที่นี้ด้วยค่ะ	5	Siriraj
มีแพทย์ผู้เชี่ยวชาญมากมาย ไว้ใจได้ รักษาดี	5	Siriraj
พาคุณยายไปผ่าเข่าค่ะ ทั้งคุณหมอและคุณพยาบาล น่ารักมาก เข้าใจคนแก่ ดูแล และเป็นกันเองมากค่ะ คุณหมอและพยาบาลประจำตึกสลากกินแบ่ง ชั้น5 ประทับสุดๆ	4	Siriraj
แพทย์กับพยาบาลที่นี่ทำงานดีมากค่ะ ดิฉันไปตรวจตาตั้งแต่เกิดจนตอนนี้อายุ 20 ก็ยังไปอยู่คนไข้ คนป่วยที่รอคิวตรวจเยอะมาก แพทย์คนนึงรับคนไข้ เกือบ 100 คน แต่แพทย์และพยาบาลที่นี่ก็ยังยิ้มแย้มแจ่มใส ตอนรับคนไข้ ให้คำอธิบาย ชี้แจ้งเรื่องต่างๆให้คนป่วยฟัง ถึงแม้บางคร้งดิฉันก็รู้สึกได้ว่าบุคคลเหล่านี้ทำหน้าที่กันเหนื่อยมาก แต่ก็ทำหน้าที่ได้ดี	5	Siriraj
หมอทุกคนตั้งใจทำหน้าที่ตัวเองเพื่อคนไข้ ในแต่ละวันหมอที่ รพนี้ตรวจคนไข้เยอะมากตั้งแต่เช้า หมอเก่งและวินิฉัยโรคได้เม้นยำ ไม่เลี้ยงไข้	5	Siriraj
มีคนเยอะมาก หมอทำงานหนักแทบไม่ได้พัก แต่ใช้เวลาตรวจแค่3-5นาทีต่อคน	3	Siriraj
รักษาดีค่ะ ดูแลเอาใจใส่ ไปแผนกฉุกเฉิน ทุกอย่างดี ยกเว้นพื้นที่ในการรักษา พื้นที่น้อย คนเยอะ	5	Siriraj
คุณหมอดีมาก แต่หมอห้องแพทย์เวรไม่ค่อยจะโอเคเท่าไร	5	Siriraj
ทีอายุแล้วมีอาการเป็นประจำเดือน20วัน ก็มาหาหมอคือพยาบาลทางตึกนารีเวชก็ให้เข้าไปนั่งรอตรวจ คือเป็นอะไรสมัยโรงบาลรัฐดูแลคนไข้ดีมากขึ้น  แต่ก็ยังนั่งรอนานเหมือนกันแต่ก็เข้าใจค่ะ เพราะวันๆมีแต่คนไข้มากหน้าหลายตา มากคนหลายจังหวัด แต่ก็ขอบคุณคุณหมอกับนางพยาบาลดูแลดีมาก หนี้ค่ะประสบการของเรา	5	Siriraj
การบริการทั่วไปดีตามควร. แพทย์ที่รักษาดูแลเอาใจใส่ดีมาก เพียงแค่คนใช้บริการค่อนข้างมากทำให้ช้าไปบ้าง. ทั่วๆไปโดยรวมดี	4	Siriraj
ได้รับการตรวจและรักษาการติดเชื้อ HVP ที่ปากมดลูก โดยหมอสุธี ท่านได้ทำการรักษา 3 ครั้ง โดยครั้งแรกหลังจากตรวจ Pap Smear จากสูตินารีพบว่าที่ปากมดลูกมีเชื้อผิดปกติ ได้เข้าพบหมอและตรวจอย่างละเอียดพบว่าอยู่ในระยะเป็นรอยโรคก่อนเป็นมะเร็ง cin ซึ่งคุณหมอนัดตรวจทุกเดือนอีกครั้งว่าอยู่ในระดับใด พอนัดตรวจอีกครั้งพบว่าเชื้อลุกลาม หมอนัดส่องกล้องที่ปากมดลูกและตัดชิ้นเนื้อไปตรวจ รอฟังผลประมาณ 2 อาทิตย์ ผลที่ออกมาพบว่าเป็นรอยโรคก่อนเป็นมะเร็ง มีความผิดปกติที่ระดับ cin3 รู้สึกตกใจและกลัวแต่ด้วยความที่เราหาข้อมูลเตรียมมาก่อนและเข้าใจสิ่งที่เป็นเลยลดความกลัวลงได้มาก อีกอย่างคุณหมอสุธีเป็นหมอที่เก่ง เลยไม่กลัว หลังจากที่ทราบผลคุณหมอนัดทำการรักษาโดยใช้วิธีตัดปากมดลูกเป็นรูปกรวย เรียกว่า leep หลัวการรักษาจะมีเลือดออกหลังการผ่าตัดประมาณ 1 สัปดาห์ ภายหลังได้รับการรักษาหมอได้นัดตรวจดูผล พบว่าเป็นปกติดี ตอนนี้มีลูก 3 คนแล้วค่ะ	5	Siriraj
ใช้บริการคลินิกนอกเวลา ค่ะ  จนท.ดูแลดีค่ะ  ถึงผู้ใช้บริการเยอะแต่ไม่มีหงุดหงิดค่ะ โดยเฉพาะพยาบาลและแพทย์ค่ะ	4	Siriraj
หมอใส่ใจ ตรวจละเอียด เมื่อพบข้อสงสัยก็ส่งไปเฉพาะทาง	5	Siriraj
เข้ารับการรักษาโดยไม่ได้มีใบนัด พยาบาลยิ้มแย้มต้อนรับอย่างดี ชั่งน้ำหนัก วัดความดันเสร็จก็แจ้งว่าต้องทำอย่างไร ระหว่างรอคิวก็เข้ามาแจ้งเป็นระยะ หลังรับการรักษาอธิบายขั้นตอนการดูแลตัวเองอย่างดี คุณหมอแนะนำและเปิดโอกาสให้ซักถามได้อย่างชัดเจน	5	Siriraj
ดิฉันชื่อ ศตพร ละเต็บซัน ดิฉันโชคร้ายเป็นโรครูมะตอย สามปีกว่าจะรู้ตัวว่าเป็น ไปรักษาตามโรงพยาบาลต่างๆก็รักษาไม่หาย ไปหาซื้อยากินเองตามยถากรรม จนได้ย้ายมาทำงานแถวบางบอนเลยได้ประกันสังคมที่โรงพยาบาลบางประกอก8 จึงได้มารักษาตัวที่นี้ แต่เนื่องจากช่วงก่อนหน้านี้ได้ซื้อยามากินเอง ซึ่งมีส่วนผสมของสเตรอยทำให้ตัวดิฉันบวมน้ำหนักจาก 52 จนถึงตอนนี้ 93.3แล้ว ดิฉันเครียดมากไม่รู้จะทำยังไง รักษาที่โรงพยาบาลนี้ก็ไม่หาย ตัวก็บวม หมอก็บอกแค่ว่าให้เลือกเอาจะเจ็บ หรือ จะสวย มีแค่นี้ทางเลือกสำหรับดิฉันจนสุดท้ายบางปะกอก8ทำเรื่องส่งตัวดิฉันไปรักษาที่บางปะกอก 9บอกแค่ว่าเขาชำนาญเรื่องโรคนี้กว่า แต่ดิฉันไปรักษาซักระยะก็ไม่มีอะไรดีขึ้น หลายคนแนะนำให้ไปที่ศิริราช สุดท้ายดิฉันได้พบหมอเฉพาะทาง กว่าจะได้พบต้องทำใบจองหนึ่งเดือนเต็มๆ พอได้พบหมอ หมอมองหน้าดิฉัน บอกว่าดิฉันปล่อยตัวเองจะต้องเข้าครอสลดน้ำหนักด่วน ส่วนโรคที่เป็นยาที่รักษาหมอบอกเลยว่าแพงมาก ยาตกเม็ดละ 100บาทวันหนึ่งคุณต้องกินหลายเม็ด คุณไหวเหรอ? คุณกลับไปรักษาที่เดิมดีกว่าแต่ถ้าเขารักษาไม่ได้คุณให้เขาส่งเรื่องมาที่นี้ มาหาหมอหมอจะรักษาคุณเอง นี้คือสิ่งที่ดิฉันประทับใจแนะนำตรงๆ เพื่อให้คนไข้มีทางเลือกค่ะ	3	Siriraj
แพทย์ให้การรักษาดี พูดจาดี ถึงจะรอคิวนานแต่ก็ให้บริการดี ประทับใจหมอเก่ง	5	Siriraj
ไปแล้วประทับใจกับการต้อนรับและให้คำแนะนำดีค่ะ(คุณหมอก็ใจดี)	5	Siriraj
พาคนที่รักมารักษาเบาหวาน เส้นเลือดสมองตีบ ที่โรงพยาบาลศิริราช อยู่ตึก 72 ปี หมอพยาบาลน่ารักทุกคนเลย ขอขอบคุณทุกคนที่ช่วยดูแลยามที่เราป่วย ช่วยกันค้นหาสาเหตุ วันนี้เราจะได้พาคนที่เรารักกลับบ้านพร้อมกับสุขภาพที่ดีเกือบร้อยเปอร์เซนต์ เค้าสัญญาว่าจะดูแลสุขภาพ เพราะชีวิตเค้าต้องทำงานเพื่อแผ่นดิน และดูแลลูก ๆ ขอบคุณโรงพยาบาลศิริราช หมอ และพยาบาลทุกคน ตลอดจนเจ้าหน้าที่ที่ช่วยดูแลมา 5 วัน	5	Siriraj
คุณหมอใจเย็นมากคะ. น้องพยาบาลก้อน่ารักดี	5	Siriraj
ลูกชายรักษาภูมิแพ้ที่นี่ทุกครั้งคุณหมอทุกท่านจะดูประวัติน้องตั้งแต่เกิดจนถึงล่าสุดทุกคนดูการรักษาของทุกแผนกที่น้องไปให้คำแนะนำให้กำลังใจและดูกำลังทรัพย์ด้วย แต่ ร.พ.ตามสิทธิแย่	5	Siriraj
คนไข้มากๆ แต่พยาบาลและบุคลากรทุกคนทำงวนหนักแต่ก็มีน้ำใจงามทุกคน. ให้ความกระจ่างและช่วยเหลือทุกด้าน คุณหมอตรวจละเอียดมากแม้จะมีคนไข้มาก	5	Siriraj
แพทย์มีความน่าเชื่อถือ	4	Siriraj
บริการได้เยี่ยม ผมคนบ้านนอกติดต่อพนักงานมีความเอื้อเฟื่อนดีพูดจาดี	5	Siriraj
หมอ พยาบาลน่ารักมาก ดูแล เอาใจใส่ พยายามหาสาเหตุจนพบ มีคุณธรรมในการดูแลผู้ป่วย	5	Siriraj
เริ่มแรกเข้า ER เนื่องจากคุณแม่ล้ม และไข้ขึ้นสูง ได้พักเตียงที่อาคารเฉลิมพระเกียรติ ชั้น 4 ซึ่งเป็นเตียงสามัญ ไม่ได้ให้ญาติเฝ้า น้องๆๆพยาบาลและน้องๆๆ ผช พยาบาลดูแลดีมากค่ะ เป็นการประทับใจในการให้บริการ	5	Siriraj
ผมได้รับการรักษามะเร็งจนหายดีใช้ชีวิตเหมือนคนปกติครับคุณหมอเก่งจริงๆครับ	5	Siriraj
เนื่องจากการรักษาต้องทำการผ่าตัด และฉันเลือกดมยาสลบ รู้สึกกังวลและกลัวมากโดยต้องเข้าพักที่โรงพยาบาลก่อน1วันก่อนหน้านั้นต้องเอ๊กซ์เรย์ปอดกับตรวจเลือดก่อน เข้าไปต้องไปทำขั้นตอนหลายเกินไปรู้สึกไม่ค่อยชอบในเมื่อเรานัดผ่าแล้วควรจะมีจุดรับเรื่องนี้โดยตรงไม่ต้องไปรวมกับคนที่มาตรวจปกติไปตั้งแต่เก้าโมงกว่าจะเสร็จขั้นตอนจนไปถึงห้องพักประมาณเที่ยงหลังจากนั้นก็มีหมอแพทย์หรืออะไรไม่ทราบมาซักถามคนละหนึ่งหรืงสองคำถามก็ไปทั้งวันช่วงบ่ายถึงค่ำ รุ่งขึ้นเป็นวันผ่าตัดให้ตื่นมาเข้าห้องน้ำอาบน้ำเตรียมตัวไปแปดโมงมารับไปห้องรอผ่า ไปถึงก็ซักถามว่ามาผ่าอะไรตรงไหนวัดความดันให้น้ำเกลือเกือบเก้าโมงเข้าห้องผ่าโดนใช้ผ้าล็อคตัวแขนใส่เครื่องวัดอะไรไม่รู้ใส่เครื่องให้ออกซิเจนและฉีดยาเข้าทางสายน้ำเกลือและบอกว่าจะซ่าๆหลังจากนั้นก็ไม่รู้สึกตัวตื่นมาอยู่ในห้องรอผ่าตารู้สึกหนักหรือเคืองพอจับดูมีขี้ผึ้งป้ายเกือบครึ่งชั่วโมงพากับห้องพักดูนาฬิกาบ่ายโมงครึ่ง รู้สึกคอแห้งมีเสมหะกลืนน้ำลายเจ็บมากเหมือนมีอะไรบาดคอวัดความดันตลอดชีพจรและวัดไข้สุดท้ายก็ผ่านมาได้ด้วย	3	Siriraj
บริการก็ใช้ได้	4	Siriraj
สถานที่คับแคบเมื่อเทียบกับจำนวนคนที่ใช้บริการ แต่บุคคลากรเต็มที่กับการบริการมาก ถึงแม้คนจะเยอะทุกวัน ทุกเวลา แต่คุณหมอ พยาบาล เจ้าหน้าที่ก็พูดจากับคนไข้ดีค่ะ ถึงแม้บางคนจะหงุดหงิดบ้างแต่โดยรวมแล้วน่ารักทุกคนค่ะ	4	Siriraj
